article_id,title,article_topic_category
26842506,The Tories deserve another mandate - Stephen Harper doesn't,politics
26055892,Harper hysteria a sign of closed liberal minds,politics
6929035,Too many first nations people live in a dream palace,politics
19047636,The Globe's editorial board endorses Tim Hudak's Progressive Conservatives,politics
11672346,Disgruntled Arab states look to strip Canada of UN agency,politics
26691065,"Fifty years in Canada, and now I feel like a second-class citizen",religion
25731634,I'm Canadian - and I should have a right to vote,politics
13647608,"A nation of $100,000 firefighters",healthcare
19767742,Our duty is to stand firm in the face of Russian aggression,crime_law
32655412,Dear America: Please don't vote for Donald Trump,politics
29629853,"Sorry, pundits of Canada. The Leap will bring us together",environment
13464869,Wente: What has Trudeau been smoking?,politics
30089817,What was Justin Trudeau thinking? He wasn't,politics
27910240,How to right the Conservative ship,politics
22970289,A niqab ban makes no sense. Religious freedom is citizenship,religion
26916174,Trudeau promised to stop bombing IS. He needs to explain why.,politics
29220490,Justin Trudeau: A leader with no parade,politics
20993905,Justin Trudeau's lousy week,politics
24459593,Why firefighters are underworked and overpaid,economy
24211771,"For Alberta, Jim Prentice is the best choice",politics
26287563,Why Stephen Harper is toast,politics
17614448,"Why the Fair Elections Act is, in fact, fair",politics
27600848,No surprise here: Canada a turnoff for some refugees,immigration
29287461,"If Trump wins, I'll eat this column",politics
11508194,Trudeau's terror gaffe a winner for Conservatives,politics
14315072,"Barack Obama, the 98-pound weakling",technology
9255841,Tom Flanagan's banishment was a betrayal of basic values,education
21200020,"He's sweet, but is Trudeau a PM?",politics
27264347,"After Paris attacks, Trudeau's soft power already under fire",politics
30608142,"The Brexit vote is complete folly, but there is still time to reverse it",politics
27606120,Allies will remember Canada's withdrawal from the IS fight,religion
27072545,Trudeau and Obama: 'The smiling faces of vindictiveness',politics
26845638,"Despite the rap sheet, Harper isn't the worst PM",politics
22310028,Dalhousie's dental hysteria,education
20908158,Your turn to vote: Should Canada enter combat in Iraq?,politics
31992733,"How do you spend $126,669 to move house? Only the Liberals know",politics
32803341,"Thank you, Hillary. Now women know retreat is not an option",politics
28748918,The Trudeau government thinks it has a monopoly on 'Canadian' values. It doesn't,politics
32753320,"A fascist's win, America's moral loss",politics
26337462,Canada must reclaim its role as a world leader,politics
13919677,So Trudeau smoked pot. At least he's honest,politics
28078752,"How U.S. gun ownership became a 'right,' and why it isn't",crime_law
21821297,The progressive war on science,politics
26957781,"It wasn't just Harper: Why the Conservatives lost, and how they can win again",politics
7725145,Whatever happened to global warming?,environment
20736274,The It Girl of climate change doesn't get it,environment
28616994,How the Conservative Party can avoid the political wilderness,politics
26573582,"Why the niqab matters, now and in future",politics
14730628,Freed Canadians are radical grandstanders,healthcare
17357856,The rest of Canada will have choices to make,politics
17967924,Intolerance is now a vice of the left,education
30101422,Justin has a temper tantrum,politics
27480867,"Trudeau is discriminating against single, straight male refugees. Why is he afraid?",immigration
27200206,Trudeau's diverse cabinet not a true Canadian portrait,politics
22729037,Parliament must reject Harper's secret policeman bill,terrorism_security
31520824,"When it comes to the money that politicians spend, we worry about the wrong stuff",politics
22970176,"Trudeau shows bad judgment, naked opportunism",politics
27730073,Being clean and green comes with a cost,environment
27751521,The Paris summit: A colossal waste of time,environment
27008590,Why Canada's shift to conservatism isn't dead,politics
11451046,Government's sudden need to debate terror bill smacks of opportunism,politics
20647540,Will we roll the dice on pretty boy Trudeau?,politics
11951156,"A strange $90,000 gift to the undeserving Senator Duffy",politics
28117977,Germany's brutal immigrant awakening,immigration
26424488,"Intentional or not, Harper's words draw a line between us and others",politics
26611044,There's a simple solution to niqabs and oath swearing - but Harper won't allow it,politics
23069380,Who is judging the judges?,crime_law
29295022,"He's dangerous, sure. But comparing Trump to Hitler is surely wrong",politics
21294082,Harper's demise is greatly exaggerated,politics
15519571,Ford Nation stands by its man. No. Matter. What.,politics
11579462,Our money for attack ads - how low can the Harper Conservatives go?,politics
9397380,"Grits, Tories neck and neck, poll finds",politics
32314865,How much diversity do Canadians want?,immigration
23117749,Why Stephen Harper is playing niqab politics,politics
22275323,What drives anti-immigrant sentiment?,immigration
27047599,Why the teachers' unions rule,education
30887672,"Off tune, Tenors: 'All lives matter' is always an ignorant claim",social_issues
10600939,It's not just the drought treaty. Canada is vanishing from the United Nations,politics
11744465,Trudeau attack ads should remind Tories of our fatal error 20 years ago,politics
24031310,The sagging Liberals need a shakeup,politics
30609024,Remember the Brexit as the moment when xenophobia won,politics
28775443,Why the Premier of Alberta shouldn't get to decide who is 'media',politics
21138349,Canada's true role in the Mideast conflict,politics
7536781,The awful truth about being single,economy
27550366,"The PM's nannies: In politics, people remember the little things",politics
16847458,"Philip Seymour Hoffman had a habit, not a disease",healthcare
17944909,Elections Canada has a conflict of interest,politics
15798546,"Obamacare, where the liberal dream crashes and burns",healthcare
19395567,The monarchy hurts Canada's standing in the world. It's time to let go,politics
30029924,Brace yourselves: Trump is going to win,politics
31835620,"Wynne's way: Rob the poor, help the rich",economy
19071121,A principled Ontario premier would end funding for Catholic schools,education
25141317,Are we witnessing the strange death of Liberal Canada?,politics
27274186,Fear and hatred in a grocery store: How not to treat Muslims after the Paris attacks,religion
30306595,Time to soak the seniors,politics
22212088,The year in review: Has Harper gone from leader to liability?,politics
15792740,Britain has an ethnic problem: the English,politics
30758467,"Black Lives Matter is dramatic, unsettling and inconvenient. That's the point",crime_law
26385007,Niqab-wearers are not bank robbers,crime_law
27951364,Changing our voting system demands a public referendum,politics
27751222,Has the tenor of Canada ever turned this quickly?,politics
8206738,Why is French immersion so popular?,education
29183100,The truth behind Donald Trump's lies,politics
13098410,The mood has turned against the Conservatives,politics
11959426,Mike Duffy scandal finds the Tories in a moral maze without a compass,politics
27307063,Canada's plan to recall jets from anti-IS campaign is bad move on global stage,politics
18843166,"When killers target women, why do moderate men stand silent?",social_issues
7252472,Teachers' unions are obsolete,education
18498810,"Attacking the Supreme Court, the Conservatives sink to a new low",crime_law
12753194,Legalize prostitution? Are we nuts?,crime_law
7029504,Natives don't need 'accountability.' Show us the money,politics
29642837,Canada has a gun problem,healthcare
28708468,"How Toronto got a 'world-class,' gold-plated, half-billion-dollar empty train",economy
18491718,Where in the world is Rob Ford? Toronto deserves an answer,politics
28199271,Kevin O'Leary: A poor man's Donald Trump,politics
28225596,Recharging the Canadian right,politics
14112165,Who's failing math? The system,education
19301124,Uncle Sam is shaking me down,economy
32774605,Don't kid yourself: This was all about race,politics
13483909,Dear police: The people are watching,crime_law
33053215,The CBC has lost its way,technology
28920847,"New Liberal government, same old litany",politics
12016032,Beyond the Rob Ford embarrassment is a broken Toronto,economy
9003680,Half of Toronto-area workers have fallen into 'precarious employment': study,economy
28256142,"Learn English or leave? Mind your language, Mr. Cameron",religion
32474079,The professor vs. the pronoun warriors,social_issues
20076143,Who's afraid of Catholic schooling?,education
11484180,Round 1: Kid Trudeau stings like a pillow,politics
21988222,It's time to start ignoring the climate deniers,environment
32278545,He'll likely lose - but Trump is the final warning to elites,economy
29409595,The emotional complexities of Justin Trudeau,politics
33069933,Justin Trudeau's man crush on Fidel,politics
8131320,McGuinty's legacy is a green nightmare,environment
31691976,"The threat of political correctness, real and imagined",social_issues
25083043,"Mother Canada statue is hubristic, ugly and just plain wrong",technology
23701139,We're aiding and abetting homeopathic quackery,healthcare
18377125,Who cares about inequality? Wonks,politics
30746157,The bullies of Black Lives Matter,crime_law
18565795,Imagine the uproar if we weeded out bad teachers,education
17124154,The phony crisis of the middle class,education
12292515,Sweden's immigration consensus is in peril,immigration
29062577,"Gender equality is an opportunity, not a threat",social_issues
21486194,Trudeau's rush to judgment,politics
25836587,The disappearance of the moderate conservative,politics
24454966,The vulgar heckling incident: Let me spell it out for you,technology
23116954,The loneliest of all prime ministers,politics
28494689,Canada's media: A crisis that cries out for a public inquiry,politics
26373964,Don't be fooled by the (surprise!) budget surplus,economy
28730533,A crisis in Vancouver: The lifeblood of the city is leaving,economy
22194314,Harper gears up to run against history,politics
18952122,The police get political,crime_law
14639865,Climate deniers in their own universe,environment
11866787,"Israel is a small country in a big, bad neighbourhood",religion
10549743,"It's not just the drought treaty: In international law, Canada has withered",crime_law
26571266,"Citizenship is a right, not a privilege, even for convicted terrorists",terrorism_security
25051883,Tories reject plans from opposition parties to change voting system,politics
29514578,Liberals risk losing the public trust,politics
25328772,Medical marijuana is a charade,healthcare
28357800,Energy East: The pipeline that could tear Canada apart,environment
16762124,Ford's rage over rainbow flag brings city further humiliation,social_issues
26199551,"Migrant crisis? No, Europe is facing a moral crisis",immigration
15771887,Why can't today's graduates get hired?,education
11084876,"Let's worry about skills, not outsourcing",economy
31696963,Who gets to decide what 'Canadian values' are?,immigration
18690272,Drinking comes with staggering costs,healthcare
25992070,Duffy trial cuts to heart of the PMO,politics
24388470,"If integrity is the issue, the Tories are finished",politics
26571622,The New Democrats can kiss their chances goodbye,politics
25666787,I am Canadian - but now not as much as I used to be,politics
20966258,This isn't 'Harper's war',politics
32301637,Whiteness is a racial construct. It's time to take it apart,social_issues
19890164,A sunny Ontario experiment gone wrong,environment
29670004,Pass the butter: The experts were all wrong,healthcare
30632832,Brexit: How dare they vote to leave,politics
13702405,Toronto really is superior to Vancouver,economy
7096675,Lack of transparency is harming Chief Spence's cause,politics
17943385,"Harper Tories undermining democracy, to their own peril",politics
18394828,Attempt to smear Chief Justice an affront to our constitutional system,politics
12205395,Conservatives have been sailing close to the wind,politics
11739745,And now conservatives are rewriting Pierre Trudeau,politics
26995382,A Liberal landslide? Not so fast,politics
32604218,FBI director's poor decision about Clinton e-mails could taint the U.S. election,politics
20211559,Posturing is the only reason for a missing women inquiry,crime_law
28731337,Stop whacking the one per cent,economy
29387850,Truth and deception: Ghomeshi verdict a good day for justice,crime_law
29642815,"Reality bites Trudeau: Rhetoric is easy, governing isn't",politics
10934025,The obese already pay more. Why shame them with higher air fares?,healthcare
18021234,The Fair Elections Act is ever so telling,politics
27933568,Year in review: Does Canada need the Conservative Party?,politics
26664422,"If Trudeau is the bridge, Harper is the wedge",politics
28272457,Where is the PM when Quebec needs him?,terrorism_security
12366486,Wente: Overeducated and underemployed: the teachers college mess,education
17485722,Quebec's fantasy is Canada's nightmare,politics
24431679,Time to rebuild conservatism in Alberta,politics
27175310,Canada's blacks: Still waiting for their moment of 'real change',politics
20259976,The PM can't see the climate for the slush,politics
9046904,Justin Trudeau inexperienced? Think again,politics
26761039,The refugee tide turns in Germany,immigration
17906112,My pluralism includes freedom to oppose gay marriage,religion
26893759,"The Trudeau government: First, some ethical questions",politics
30026038,Does a politician's spouse deserve taxpayer support?,politics
22660484,We don't need life without parole,crime_law
16350272,York professor at centre of religious rights furor: Rights Code is the issue,education
23983339,Federal budget a triumph of tax madness,economy
26845940,Jeffrey Simpson: Where does the Harper Party go without Harper?,politics
27403291,"On Syrian refugees, are the Liberals deliberately courting controversy?",immigration
11170110,Margaret Wente: Who's stealing our jobs? Computers,technology
24420466,The end of traditional TV debates: It's all about control,politics
17499526,Do anti-vaxxers need a 'nudge'? More like a kick in the pants,healthcare
23598822,"On Islamic State, the opposition are right where Harper wants them",politics
27865553,Ms. Wynne: Painting wasteful policies with a green brush won't fool Ontarians,environment
29455100,The Ontario Liberals are trading cash for access. How is that even legal?,politics
22441877,Stephen Harper's puzzling Parisian no-show,religion
26387781,What Canadians really think about the refugee crisis,immigration
13198302,My world is falling apart - and so is yours,politics
16441339,"Booze, lies and more video: Why is Rob Ford still Mayor of Toronto?",politics
22489227,Cozying up to Saudi Arabia: How can that be 'principled'?,religion
12038373,Globe Editorial: Prime Minister needed to say more in speech to caucus,politics
25663385,Want to cut public debt? Bring in the leftists,economy
29369557,"If we won't fight IS on its soil, it will bring the fight to ours",terrorism_security
11285554,Do Trudeau and the NDP scare Harper? Hardly,politics
32746841,What Donald Trump's victory means for Canada and the world,politics
15609883,"Conservatives in trouble, with Harper as dead weight",politics
10869396,Stay or go? Harper's party has to know,politics
12358244,"Working with Rob and Doug Ford: At root, a failure of trust",politics
16278726,What York University forgot: Gender equality is not negotiable,education
22831586,Could we stop the anti-vaxxers if we said measles contains gluten?,technology
22832660,A 'war on terrorism'? No thanks. There are smarter ways to meet the threat,terrorism_security
31082099,Trump: Desperate insecurity and boundless narcissism,terrorism_security
27722680,"Donald Trump, Marine Le Pen: Why the demagogues are winning",politics
18852649,The media join Harper's hit list,politics
29405071,We should have shown more compassion for Rob Ford - while he was alive,technology
23440389,A big fat surprise for dietary dogma,healthcare
23252879,"Tories, Liberals: Who are the better economic managers?",economy
22070679,Ontario will eventually have to pay the piper,economy
24565759,When men behave badly,technology
11142634,Time to make temporary foreign workers permanent,immigration
19512237,The shocking truth about B.C.'s carbon tax: It works,economy
14588647,"Now that climate change is beyond doubt, focus on solving it",environment
30625193,"Where economic despair and xenophobia meet, you'll find Trumpism - and Brexiters",politics
32879280,Generation Snowflake? Not the millennials I know,politics
23187576,Then along came terror,terrorism_security
30821712,All that stands between us and the abyss is - help us - Hillary Clinton,terrorism_security
27287248,"Jeffrey Simpson: As allies gear up, Trudeau ramps down",politics
20813289,The root causes of Paul Calandra,politics
20747940,Harper's base couldn't care less about climate,environment
10749814,Margaret Wente: Advice to Mr. Harper: Muzzle those MPs!,politics
17493027,Peladeau will be a game changer - but not the way the PQ hopes,politics
19234644,Welcome to Vancouver's gender-neutral pronoun wars,education
18666605,Spare me the abortion absolutism,politics
32926825,Germany and Canada are the West's last safe harbours,immigration
31789981,Be afraid: Trump may have bought the Fourth Estate,politics
21293240,Leave it to Trudeau,politics
20893866,Our Mideast mission implausible,religion
21179595,"For Harper, a bad day at the bookstore",politics
20199878,How Mulcair plans to overtake the Boy Wonder,politics
26023945,How the Tories' 'war on the media' fills party coffers,politics
31388410,"Trump is finished, but Trumpism is here to stay",economy
32499455,Why the Ontario housing market is rigged against millennials,environment
27791333,We embrace our Syrian refugees - for now,immigration
28955226,O'Leary brings the Trump formula north,politics
30391922,It's time to erect the anti-Trump cordon,politics
31727364,Is Clinton (cough) unfit to lead? Hardly,politics
12468271,Globe Editorial: Banking unused sick days is a nonsensical benefit that has to go,education
26484221,"In Quebec, old stock is just a fact of life",immigration
20959491,Did Trudeau reject a Liberal combat plan?,politics
23545818,Marriage is the new class divide,education
10030963,Public-service perks are barnacles on the ship of state,economy
13325277,Who killed Detroit? Not who you think,economy
10869374,Fries with that BA? The declining value of a degree,education
21419211,"By locking up Bourque and throwing away the key, we lose hope in justice",crime_law
22882822,"On the plus side, Eve Adams no longer has a concussion",politics
26115777,How is a pay raise for teachers a 'net-zero' deal?,education
30606967,"Britons will enjoy their victory today. But tomorrow, the hangover will be fierce",politics
26389432,"Voters in favour of Liberals' economic plan, but unsure on Trudeau: poll",economy
27853698,"Justin Trudeau, the Luke Skywalker of our time",politics
16059597,"For two years, Conservatives will be all about the 10 per cent",politics
17158564,Can she consent to sex after drinking?,education
14157485,Reconciling Muslim practices with Western principles,religion
19999874,Pot still fails the sniff test,politics
26483292,It's hard to see what Tories did wrong in Terry Fox commitment,politics
10713368,"When something is barbaric, call it barbaric",social_issues
32879856,Stephen Bannon is not the real problem. Donald Trump is,politics
31449722,Ontario's doctors don't get it: Health care is a team game,healthcare
29030490,"How a preening, bellicose racist was allowed to trump American values",politics
13201485,David Miller: Climate change is hitting big cities. They need to take action,environment
29805755,Donald Trump proves racial nationalism is alive and well,politics
22229326,Harper boxes himself in on election timing,politics
28423438,Why is it un-Canadian for Quebeckers to oppose a pipeline?,environment
12612893,Trudeau was wrong to charge for public speaking,politics
24552544,Can a third orange wave splash across Canada?,politics
26793261,High-road approach may pay off for Liberals,politics
7879189,Women in combat: Let's get real,social_issues
11243660,Justin Trudeau should fight back against attack ads,politics
15734273,It's time for the Green Party to pack it in,politics
32087934,"Conservatism is in crisis, and it goes beyond Trump",politics
7605770,Is the PEI woman who was denied EI a victim?,politics
22031682,Harper's a climate hypocrite - we all are,environment
27980194,What 'Bob from Calgary' really meant when he posted his NYT comment,economy
31742899,To the music-banning Muslim father: Rejecting compromise is extremism,religion
18122221,Why is Canada sending fighter jets to Poland?,immigration
28995692,Super Tuesday was a referendum on racism,politics
18131098,The myth of crushing student debt,education
21030488,The Harperites and the joy of negative advertising,politics
21820448,Conservatives' dirty tricks have no place in Canadian politics,politics
8616440,Boys will be boys - schools need to understand that,education
14050679,"Secularism is worth seeking, but Quebec's approach won't work",religion
23812631,It's not just Duffy - the Harper era is on trial,politics
32338471,"Admit it, you're going to miss The Donald",politics
27725234,"Alberta, the rest of Canada feels your pain",economy
22359531,France's problems are in plain sight,religion
30046655,Two very different Americas,education
32573008,Trudeau and the millennials: The love-in won't last,politics
20144092,"From sugar to drugs, Harper has turned everything partisan",politics
21465873,Do the Republicans just understand voters better?,politics
19948816,Why the First Nations transparency act is an insult to my people,economy
19767771,Extreme weather - Canadians better get used to it,environment
8718582,Obama's climate talk may galvanize action in Canada,environment
19155917,Wynne's opponents misread Ontario's basic moderation,politics
31800325,Welcome to college - and the thought police,education
16480581,Why the rest of Canada has stopped laughing at Rob Ford,crime_law
23395537,A cruel break with Canadian judicial tradition,crime_law
25817790,Some hard numbers from Harper's soft economy,economy
26882159,Voters wanted change. They got it,politics
19193195,"If logic prevailed, Stephen Harper would pass the torch",politics
19260516,Peter MacKay: He's the Minister of Wrong Again,politics
31291638,So much for flossing - and for the tyranny of expertise,healthcare
32398125,Good riddance to sexist Trumpworld,politics
22821691,Anti-terrorism bill will unleash CSIS on a lot more than terrorists,terrorism_security
18357133,Editor's note: Why we published the Rob Ford photos,politics
18997562,We're all climate hypocrites,environment
25763192,"If I can't vote in your riding, why should expats vote in mine?",politics
27508948,What's the matter with Belgium?,religion
18478269,Harper's disrespect for the Supreme Court harms the workings of government,crime_law
23545860,Conservatives are wearing out the dog-whistle,politics
32774517,Woe to us who belittled the clout of the white working class,politics
29483681,I'll be 'proud' when Canada achieves justice for all,crime_law
21147510,Globe editorial board endorsement: John Tory is Toronto's best bet,politics
27571292,Ontario's Liberals have completely broken the electricity system,economy
15734269,IQ is the last taboo,crime_law
32497815,Gender-neutral pronouns shouldn't be a big deal,social_issues
15656751,Ontario's $1.5-billion kindergarten hoax,education
26635466,Majority governments may soon be a thing of the past,politics
9088546,"Conservatives in power, but out of step",politics
17309702,Battle of numbers: How much does an average teacher make?,education
11698733,Jeffrey Simpson: Would it hurt our PMs to respect each other?,politics
29858672,Trump is the smartest candidate: He's running on American pain,politics
31235014,Why B.C.'s real estate tax on foreign nationals is unlawful,economy
27616741,"A silly fuss over PM's nannies, a serious issue for families",politics
32163847,Birtherism comes to Canada with the Maryam Monsef 'scandal',politics
17644629,Resistance to the PMO is on the rise,politics
24299962,Message for Ontario's sex ed naysayers: Ignorance is far from bliss,education
28705123,Are we watching the death throes of American liberal democracy?,religion
13359533,Measles is back. It had help,healthcare
21331661,Ghomeshi-gate: a bad day for everyone,crime_law
18477995,Wynne's scary 'safe hands',economy
22997369,Did the RCMP confiscate guns in High River? Hardly,politics
21959702,"How not to act old, even when you are",technology
19870966,Omar Khadr is a 'good kid' - not a bogeyman,crime_law
23254709,"Religious freedom: As Canadian as hockey, beer and saying 'I'm sorry'",crime_law
29569924,"Canadians, not MPs, should decide how we vote",politics
12523113,Jeffrey Simpson: Public servants aren't feeling the love,politics
21578278,Harper cave on climate? Don't hold your breath,politics
32926886,Did racism and sexism elect Trump?,politics
15597718,"Extra gravy, hold the facts: Why Rob Ford's warnings don't add up",economy
29384402,Plenty of blame to go round in real estate crisis,immigration
10586347,Tom Flanagan: Deficit and debt fighters of today should learn from Ralph Klein,economy
29289306,The desperate explanations for the rise of Donald Trump,education
21623785,A pro-active PM seizes the agenda,politics
25812310,"Long election campaign will be about leaders, not money",politics
31470392,"With burkini bans, France buries its head in the sand",religion
31316098,Dark clouds of stagnation threaten sunny ways,economy
30168052,"Stephen Harper: After so many words, he exits in silence",politics
11584722,Sun News Network's abandonment of principles is TV comedy gold,economy
13272824,Who needs enemies when you have a staff like Stephen Harper's?,politics
19609445,Think medical school is for you? You're probably wrong,healthcare
15503778,Where the heck's that $3.1-billion? Where's the fury?,politics
19153726,"New Ontario government, same old problems",politics
11209063,Justin Trudeau: Why it's vital we support the middle class,economy
30259556,Just wait until the Donald casts his eyes northward,politics
32290288,Why conservatives have it wrong about Trudeau's carbon tax,environment
27109156,"The Grits are back in charge, all's right in Ottawa",politics
17332915,Why is the middle class so anxious?,healthcare
14612526,Medical pot is a sham. Here's how,healthcare
32071554,How Hillary Clinton killed the Trump brand,economy
24565777,Network debates without Harper? No problem,politics
29717540,The great global greening is happening now,environment
32373808,America's hidden crisis: Men not at work,economy
27388857,Your handy guide to the Paris climate talks,environment
19704906,Why Australia's carbon tax bombed,environment
26360289,A Canadian manifesto for the planet and one another,economy
28348066,Mr. Trudeau goes to Davos,politics
25852078,"Nixon, Harper and the hallmarks of power",politics
26006809,Canada's carbon moment has arrived,economy
13319627,"Mr. Harper can punch, but he can't recast",politics
17711329,Porn studies is hot. I'm bothered,education
29710275,The vindication of Mike Duffy,crime_law
14266528,Justin Trudeau writes: I have faith in Quebec. So should you,religion
26041816,"Ottawa's accountability problems start at the top, in the PMO",politics
31427516,Trump is right: The greatest U.S. threat is indeed from within. (It's him),terrorism_security
29409643,Islamic extremists don't just hate the West,religion
14491748,Climate's big PR problem,environment
21887449,Provinces have no right to pipeline 'conditions',crime_law
26887952,"Back to the future, with the kid",politics
30798029,Government by referendums is not democracy,politics
22590751,"Harper and Obama: two leaders, two mentalities",politics
21055774,Muslims go back under the microscope,religion
8996700,Censorship is alive and well in Canada - just ask government scientists,environment
19639369,We're getting hysterical about child safety,crime_law
27607030,Times have changed. Should we still glorify (bigoted) historical heroes?,social_issues
15142837,The supreme irony of the Senate scandal,politics
15590034,The Senate scandal's out of legs,politics
32013536,Is the B.C. property levy on 'foreign buyers' a new head tax?,economy
16758865,Why the hurry to pass the Fair Elections Act?,politics
10813439,What you won't learn about marriage in gender studies,education
26722650,"As Tories press for Jewish support, Jewish voters are pushing back",politics
30003218,Dear Mr. Trudeau: Why are you blowing up our voting system on a whim and a hurry-up timetable?,politics
20940756,Conservatives can't resist one last kick at the union scapegoat,politics
18055930,Czar Vladimir is changing the rules of the game,immigration
20627777,2015 is the Harper election,politics
14323324,"Heavens, we atheists have become a smug, dreary lot",religion
31464598,The lost boys: Video games more fun than growing up,education
30275859,O Canada has changed over the years and it's reasonable to change it now,politics
14954989,David Suzuki tops list of most admired Canadians in new poll,politics
13486676,A knife-wielding teenager and standard police training,crime_law
22613411,Climate-change consensus is reached everywhere except in Washington,environment
9942689,"Sorry, but Canada was never the No. 1 place to live",education
32483206,"Yes, some evangelicals will still vote for Trump",politics
30120071,Electric cars and unicorns: Ontario's new green scheme,environment
25784108,When religious freedom should take a back seat to equality rights,social_issues
19911352,Canadians deserve honest climate talk,environment
12426834,Don't forget the Base - you can bet Harper won't,politics
27353020,"Canada's tolerant, liberal society is Islamic State's worst nightmare",religion
22041303,Trinity Western affair a trial of Canadian civility and tolerance,education
31660992,Trump's wall guards nothing but the sanctity of bigotry,immigration
24649804,The darker side of solar power,environment
23510995,Bourque's skewed trial deserves appeal,crime_law
9934348,"Justin Trudeau has charm, good hair and a chance",politics
22497817,We must never censor ourselves for fear of offending the faithful,religion
31727993,"On energy, PM needs to lead with his head, not heart",politics
21032688,Canada's perpetual climate charade,environment
29514753,Trump comes undone,politics
27516771,Is Donald Trump an American fascist?,religion
26950887,Why are young feminists so clueless about sex?,education
10198519,Jeffrey Simpson: Someone will eventually have to clean up the Conservatives' tax code,economy
9607193,Jack Layton biopic: We don't need the CBC to mythologize our politicians,politics
28814768,Why did Calgary cave to chemophobes over fluoridation?,healthcare
26551328,Niqabs: The election's weapon of mass distraction,politics
30259443,Is Canada ready for a world awash in $0 oil?,economy
22832397,Shunning vaccines and the census - a slap in the face of citizenship,education
20566396,How to make ends meet? Look in the mirror,education
29593225,NDP's Leap is the Waffle reborn,politics
23667130,Harper's monumental determination,politics
20884077,Canadian mean-mindedness is back,immigration
19088323,Tax-and-spend vs. slash-and-burn,politics
21046030,"For Harper, a textbook moment for a snap election",politics
25489080,Blame Berlin: Why the Greek debt deal is doomed to fail,economy
32498319,Ontario's sickening mistreatment of Adam Capay,crime_law
19355298,The brave new world of 21st century learning,education
18200187,Foreign workers won't be temporary if we make them permanent,immigration
32970512,"Spanking has no place in Canada, period",crime_law
26887006,The re-engineering of Canada is finally over,politics
32865659,Justin's challenge: Handle Trump like papa handled Nixon,politics
18372092,Enough already: Rob Ford must resign,politics
26463412,The toll we pay for a bunker mentality,politics
24599918,Have the Tories' electoral changes remade our democracy for the better?,politics
21802147,"Sex on the Hill, theatre of the absurd",politics
8981162,Doug Saunders: The world wants Vancouverism. Shouldn't Canada?,economy
29929270,Dear Americans: Welcome to Canada,immigration
21737913,Renewables are not enough,environment
7870191,Doug Saunders: Immigrants' children find multiculturalism obsolete,immigration
14816960,"Obamacare is a big, ugly hairball",healthcare
33053764,Why populism triumphed,immigration
32924694,The problem with fake news is not supply. It's demand,politics
8981199,"The Office of Religious Freedom, more Conservative slice and dice",politics
32603753,Hillary Clinton's Halloween horror show,politics
20584451,The perfect storm of climate denial,environment
26197127,Wynne is right to shun the anti-sex-ed zealots,education
12943962,Radwanski: Ontario Tories brace for bleak results in by-elections,politics
12044933,"The Rob Ford spectacle is incredible and outrageous, and his friends need to demand that he do the right thing",politics
23226179,Why is Stephen Harper's anti-terrorism bill so popular?,terrorism_security
7284384,Passive police are putting themselves above the law,crime_law
9049909,Is it time to ban junk food?,healthcare
25369940,Where are all the female cyclists?,social_issues
18623038,"Pro-choice? For MPs, Trudeau's edict is no-choice",politics
31974015,Why the Liberals risk a drop in public trust,politics
32349267,Dylan is great - but he's no literary Nobel winner,technology
11017537,Dead man's hand: Just say no to casinos,economy
32572833,"Clinton's e-mails reveal a deal maker, for good or bad",politics
18801847,Ontario's 'none of the above' election,economy
13814949,Remove our diseased Senate from the body politic,technology
17817032,What Pierre Poilievre didn't say,politics
15379289,Justin Trudeau does ladies' night,politics
12002990,If only Senator Duffy had sipped his Scotch quietly,politics
23790473,"John Baird checks out, then cashes in",politics
13338436,"Citizenship oath: Let's pledge to Canada, not to Her Majesty",immigration
32825167,What I learned about Canada living in the U.S.,education
15656715,"Don't let it go to your head, Mr. Trudeau",politics
12595181,David Suzuki: Our principles should transcend political power,politics
9552951,Jeffrey Simpson: The tragedy of Alberta's missing governance,economy
26625848,Jeffrey Simpson: Weak Conservative lineup a reflection of Harper's leadership,politics
9468281,So much for Canada's truly conservative era,politics
21993639,"Liberals are sagging, but not panicking - yet",politics
28929770,Is this as good as it gets?,economy
25784337,"'Dr. Palmer, why did you kill Cecil?'",technology
31936046,Canadians are poised to take in more Syrians. Let's do it,immigration
32848587,We all profit from soldiers on the front lines of hate,politics
19451455,Wynne's Ontario can no longer afford to ignore fiscal reality,economy
32374019,How Donald Trump would reshape America,terrorism_security
8987654,Satire: The real reason the Pope is quitting - a disposable penis?,religion
7158424,Native groups wrong to insist that Governor-General attend meeting,politics
26259650,"Mr. Harper, this refugee crisis should be your moment",politics
12884424,When the U.S. doesn't need Canadian oil,environment
26745917,"The Beer Store boondoggle continues, thanks to Kathleen Wynne",economy
14168845,Classroom fads and magic beans,education
28746785,The Hillary Clinton demolition derby,politics
30184446,Harper awaits history's verdict,politics
30253643,Canadians must get a vote on changing the vote,politics
30717406,Canada gets it right on immigration ... so far,immigration
25954098,Canada's democratic institutions are on trial,politics
32836823,Making America white again: The 'white lash' that carries Trump,politics
14914529,A fight over the word 'genocide' is no way to end the aboriginal crisis,politics
30946848,Let's face it: The world has an Islamic problem,religion
19275200,Peter MacKay and the mystery of the missing female judges,technology
31957926,Mr. Trudeau goes to the UN,politics
21859859,Abolish the school boards,education
21294146,What do we do about the Islamic State fanboys?,terrorism_security
22859366,Ten ways the new foreign minister can undo Baird's damage,politics
16629349,Maybe the Veterans Affairs Minister should actually listen to vets,politics
29920633,A world ill prepared for warming,environment
23195077,How TFSAs fit Harper's vision of small government,economy
30506696,How hookup culture hurts young women,education
27791123,Cruz trumps Trump for scary,politics
31458982,Just say no to a referendum on electoral reform,politics
33010290,"Ottawa's disappointing fighter jet decision: Sadly, politics as usual",politics
25594962,"Have I got a bribe (er, cheque) for you!",politics
18929634,The self-performed lobotomy of the left,politics
30611197,Our 'yes' Prime Minister will one day have to say 'no',politics
18919949,"Hatred of women, not Islam, fuels Pakistan's honour killings",crime_law
10841311,How Margaret Thatcher changed the world for the better,economy
32450897,"Donald Trump's calculated, crazy debate gamble",politics
32904835,Not so progressive: Trump-style politics seep into Alberta,politics
19946283,What Gaza tells us about Canadian politics,politics
19537551,Is there a moral case against prostitution?,crime_law
29943621,British bigotry on full display after Khan's mayoral win,religion
9017719,An introvert lurks behind Stephen Harper's austere exterior,politics
32775277,"Elites, elections, and the politics of alienation",politics
18906965,The Ontario Liberals haven't made the tough choices,economy
20884087,The game's over. Hands off my Netflix,technology
19495555,Anti-spam law is ludicrous regulatory overkill,crime_law
8354440,Australia taxed carbon and the sky didn't fall,environment
31519796,Can immigrants be told where they must live in Canada?,immigration
25876362,The invasion of Europe,immigration
13393031,Long live Prince George. May he not become our King,crime_law
26958176,"For the Conservatives, an upside to Harper's loss",politics
26626437,The niqab is a distraction. Voters should focus on real issues,politics
18636097,Harper's party is defined by its enemies. He likes it that way,politics
26912779,Trudeau to get a quick lesson in global realities,politics
20161330,A suicide note that should be read by everyone,healthcare
29840129,Why judges should have the final word in medically assisted suicide,healthcare
11866667,Jeffrey Simpson: We all pay for the government's hockey ads,economy
25733772,Premiers' energy strategy not an empty pledge,environment
26950822,Jeffrey Simpson: Changing the voting system would be bad news for Tories,politics
26440742,Dear Mr. Mulcair: Lose the beard,politics
12322083,"Margaret Wente: Female breadwinners: Good income, bad outcome?",social_issues
8410492,"Sixty-five's not 60, and other boomer revelations",politics
20275061,Have we lost all sense of how to behave when we fly?,technology
13876000,Why the silencing of Parliament?,politics
18924862,The real reason the French don't get fat,other
23996997,Ontario's new beer strategy has already gone skunky,economy
17829753,"With this act, Conservatives might win the battle, lose the war",politics
22839404,Paul Martin: Indigenous thought belongs in the classroom,education
27587177,"Senate reform is no reform at all, and could have unintended consequence",politics
12770566,Edward Snowden: From Internet crusader to pawn of China and Russia?,technology
11590368,Who you callin' a teacher? Why we love and loathe them,education
30423670,How Orlando divides America,religion
30190815,Canada's Conservatives should watch the GOP - to see what they risk becoming,politics
26146915,What lasting impression will the Duffy trial leave on voters?,crime_law
14933882,"We want children, but can't afford daycare",education
29534302,The solution to Ontario's math problem needs work,education
23482269,"Provocation, pandering and prejudice in our politics",politics
25904759,We need Jon Stewart to set Canada straight,politics
27853458,Why Ontario deserves the sting of the auditor's whip,economy
21332975,Harper's Ottawa is Omnibusted,politics
13196146,Why are the U.S. and China preparing for war with one another?,technology
13045413,The Tory turning-point ahead of the next election,politics
15429022,It's time for Rob Ford to move on,crime_law
25405906,Where's the debate on our dire fiscal future?,politics
27445009,Notley's climate-change marketing triumph,environment
24254907,"On tax cuts, Trudeau shouldn't play on the Tories' turf",economy
31719873,"The real threat: Immigrants to Canada, or Kellie Leitch's divisive politics?",immigration
26006040,Harper would have the upper hand in a minority House,politics
27896251,A ban on spanking: Who'd be hurt the most?,crime_law
26048781,No room for big ideas in our small-minded politics,politics
21154663,"When Iggy Pop can't live off his art, what chance do the rest have?",technology
32172319,Syrian refugees: the romance and the reality,immigration
15571896,"Rob Ford, non-conservative",politics
31697478,It's 2016. Why does school stop for the summer?,education
8508794,Why would we want an elected Senate?,politics
15788438,"To rein in health costs, rein in salaries",healthcare
32879115,"If you thought globalization was bad, just wait for deglobalization",economy
14039810,When women outnumber men on campus: What it means for marriage,education
32278732,Catholic hospitals have no right to refuse assisted dying,healthcare
7311834,Harper needs to stay the course in winter of native discontent,politics
26749675,How Tories win immigrant votes using anti-immigrant messages,politics
19133525,Will the F-35 be another 'Widow Maker' for Canadian pilots?,technology
16235558,It's too late for Harper to change course,politics
27284617,Thinking the unthinkable: This is war,religion
12043923,"For Conservatives, this, too, shall pass (unless it doesn't)",politics
25249936,"The world's nicest, most law-abiding generation",crime_law
17472910,Pauline Marois's loonie delusions,immigration
20307815,Harper isolated on NATO defence spending,politics
25881705,Why is it so hard to fire a rogue cop in Canada?,crime_law
23603559,Why Canada is in Iraq - and should stay out of Syria,terrorism_security
29929971,Message to naturopaths: Magic isn't medicine,healthcare
26504892,Excluding expats from voting process is wrong. We're global citizens,politics
28555139,Trudeau ready to take the gloves off over climate,politics
17332407,How Marois's laser-guided focus on identity tilted the PQ toward a majority,politics
31930773,Where to find school bullies? Not where you might expect,education
21452668,"Sorry, we haven't reached a 'watershed' on violence against women",terrorism_security
17906081,Don't bash the global lukewarmers,environment
15420906,Don't jump on the climate disaster bandwagon,environment
23585010,"It's not Harper's war, but it may be ours",politics
23440363,Is the tide turning in the climate wars?,environment
27851863,Decoding the new language of racial hierarchy,technology
19431656,Does a doctor's religion trump your prescription?,healthcare
29805674,Trudeau 'crystal clear' on pipelines - and completely vague,politics
30000832,Have white Americans lost their minds? Donald Trump hopes so,politics
33010454,President Trump will make chaos the new normal,politics
31616143,How low can the Ontario Liberals go? Just watch them,politics
20101037,"If others were involved, Sona should name names",politics
30619632,The kids aren't alright: Brexit vote a slap in the face to British youth,politics
18218869,Don't cross Canada's health-care ayatollahs,healthcare
9623677,"Trudeau is nothing special, but that may be enough",politics
23044015,It's true: The rich really are ruder,crime_law
12489445,Globe Editorial: Marois could have stayed silent on turban ban. But of course she didn't,sports
13867534,"Why Robin Thicke's hit offends women: It's not the lyrics, but their empty context",technology
14061569,"Rob Ford says he's reducing the city's debt, when in fact, the opposite is true",economy
11542119,Why MPs don't need or deserve bulk mailing privileges any more,politics
32319203,Cleveland Indians: Indigenous mascots are nothing to cheer about,sports
13583783,The police must learn to de-escalate,crime_law
26337638,"Prime ministers may not know when their time is up, but voters do",politics
26844199,Harper wanted the niqab to divide and conquer - but that has backfired,politics
32091358,How Donald Trump can - shudder - win,crime_law
30019468,"For Muslim women in Canada, a sense of vulnerability",religion
18784774,The two ghosts haunting Ontario voters,economy
32113079,A question for Maryam Monsef about her birthplace,immigration
16488226,Israel is just a campaign stop for this Prime Minister,politics
13048608,"Duffy the empire slayer: How the PMO created a big, big problem",politics
14570359,Margaret Wente: David Gilmour an agent of the patriarchy? Oh please,education
22191510,I love everything about modern restaurants - except the noise,technology
30020390,We're No. 2! And that's pretty darn good,social_issues
11559826,Doug Ford's message to Ontario's Premier: Take your $50-billion transit plan to the people,economy
18995528,"Ontario election, part 2: Sense and nonsense from the Conservatives",politics
28279312,Canada shouldn't tolerate U.S. snub on IS meeting,politics
9296018,Childhood obesity report blames everything but parents,education
19286515,Girls are more than the sum of their parts,education
8980035,Margaret Wente: Polar bears don't need us to save them,religion
29117810,Canada's can-do attitude begins by encouraging students,education
29299206,The biggest questions for Tories aren't about a new leader,politics
32408940,Trump echoes the ravings of an anti-Semite,politics
32931267,Women have a right to be heard and respected,education
19885833,"Gaza: Keep looking for peace, but no easy answers",terrorism_security
16540845,Harper and the Jewish vote,politics
20484259,"John Baird and a lack of respect, in 140 characters",politics
27375968,Killing Northern Gateway comes with a steep cost,politics
29920835,Trump will find that fierce nationalism goes only so far,technology
28078527,What problem is electoral reform trying to fix?,politics
23209661,"Ontario PCs will never govern by fighting the culture wars
- The Globe and Mail",politics
24442030,Tories reign as masters of the message,politics
16608019,"Trudeau's Senate idea fresh, brave - and worth considering",politics
22607554,What's so smart about unaffordable housing?,environment
25414017,What women can learn from men,technology
23225310,What happens when you run out of taxpayers?,economy
26464579,Why does everybody have a Popecrush?,religion
24730884,"The secret deal that undercut MacKay, and the old Tories",politics
13117337,Ryan Gosling writes: A tiny cage is not a life,technology
27081030,The risks of voting in advance polls,politics
14917148,Age of the alpha woman,education
12288568,When politicians campaign against public-sector unions,politics
25613373,"No, Canadians living abroad shouldn't get to vote",politics
30966204,Trump nation: An insider's tour,education
7460761,Quebec's language laws reach a new low in Sainte-Agathe,crime_law
26230640,Can Canadian oil green-clean itself?,environment
15419335,"Civil servants, gather your pensions and gird for the War of 2014",politics
14948568,Post-shutdown America is on the verge of outright civil conflict,politics
8749279,"Jobs, jobs, jobs! The future is brighter than you think",technology
23320243,"Who cares for the elderly, if not their kids?",crime_law
12394547,The West knows where Trudeau stands,politics
27818473,Does welcome to Canada have a limit?,immigration
30530244,Those deranged Brexiters,politics
17718362,Fair is foul: We're being told a tall tale on election fraud,politics
23851006,"Balanced budget bill: Great politics, bonehead economics",economy
12032223,Ottawa insiders look after themselves,politics
13581949,I've got those wireless/cable/telecom blues,technology
27616180,Why Stephen Harper's influence will endure,politics
9234617,Pensions hit the perfect storm,economy
31950546,Trump's birtherism: a national narrative of exclusion,technology
32429995,Memo to Trump: Losing is part of the price of being in the game,politics
30019623,Sweden's rape crisis isn't what it seems,crime_law
27637057,California killings: What kind of mother would do this?,terrorism_security
25541358,A cautionary fiscal lesson for Mulcair,economy
26428075,Should doctors be allowed to kill?,healthcare
15324726,Why I'm leaving the vitamin church,healthcare
26342014,"Back to the classroom, back to teachers' complaints",education
19377387,The claims are just. But the Supreme Court ruling means chaos,economy
30210771,The African surge into Europe,immigration
16661277,Harper's three big Senate blunders,politics
21133679,Canada's still waiting on that $225 oil,economy
8718559,Doug Saunders: Why governments can't make more babies,economy
24759214,Fixating on the past makes progress difficult,education
19473366,Unforced error: Where are the female athletes on TV?,sports
13814965,'Beauty quotient' still a limiting factor for professional women,technology
30634698,Moderate conservatives are in a quandary,politics
24326547,Will Albertans finally look in the mirror?,economy
29494028,Upset about the Jian Ghomeshi verdict? Don't get mad - get informed,crime_law
31199614,Clinton vs. Trump: May the best woman win,politics
27932642,Year in review: Justin Trudeau's hope and hubris,politics
13514528,Sammy Yatim: The questions for the police,crime_law
20842873,Harper's election timing? Expect the unexpected,politics
12371884,From the archives: Why Canadian babies should sleep in cardboard boxes like Finnish babies do,healthcare
6994760,IRS wants Canada to nab U.S. tax cheats: Why we should care,economy
27251717,The Cultural Revolution (read: the triumph of hysteria) comes to campus,education
10108172,"Prime Minister Stephen Harper, in full flight",politics
18395520,Our Rob Ford problem: We forgive him,technology
21705532,Why Conservatives like the CBC ratings game,politics
22607511,Diversity our strength (someone tell the bigots),politics
16462714,"Chapter and verse, Catholic school funding's unfair",education
27392203,How the crazies and the pundits give IS exactly what it wants,terrorism_security
9175062,The oil sands are an amazing story Canada's not telling,environment
10527549,Margaret Wente: Why old-age parenting is a bad idea,healthcare
32539423,Hokey Canadian pride won't get us anywhere close to reconciliation,technology
21329044,"Patriotic fervour, terror trauma boost Harper's hand",politics
28815854,Why grit is highly overrated,education
32565400,"As women, Freeland and Clinton forced to walk a fine emotional line",politics
23227924,Reforming Retirement (1): How the TFSA turned into Godzilla,economy
29944241,Only proportionality will fix our democratic malaise,politics
27550303,"The oath, the Constitution and the Queen",crime_law
21959724,Two challenges Alberta keeps ducking,economy
28156375,Who's guarding Ontario's public purse?,crime_law
26626422,Next PM needs to be ready for a postpetroleum world,environment
31975492,Does Canada need more immigrants?,immigration
22275374,Iran bashers display a dangerous lack of worldliness,politics
10763895,Why the NDP needs to discard its poisoned roots,politics
19088334,There's no stopping our march to the right,politics
24832696,Tempest in a Tim Hortons cup: Enbridge ad debacle births a boycott,social_issues
22152050,"Great acting, bad faith in Alberta politics",politics
28663570,"Remind us, why are we pulling out of the IS mission?",politics
18056386,"No, the CBC's not cool. Nor should it be",economy
17933940,Elections Canada! The new Illuminati!,politics
27307352,"In the fight against terrorism, Muslims must own their message",religion
31540028,Scandals are part of the Clinton package,politics
30472250,Making it easier to buy an AR-15 is not a good move for Canada,technology
26115657,How a few 'spoiler' seats could topple the Conservatives,politics
27583790,Trudeau's honeymoon could become a long romance,politics
15636708,The inequality we don't talk about,technology
26897401,"Jeffrey Simpson: Trudeau's kinder, gentler start",politics
28077650,A trigger warning I can support: the one involving middle-aged white guys,education
10556177,Public-private income disparity is the dark side of the Sunshine List,healthcare
19355276,The Harper government loves the military - in theory,economy
18706645,The fighter jet 'reset': Is it nearly go time?,technology
26096537,Tax credits: Always 'good to go',economy
12351880,Judging Harper by his own fiscal standards,politics
8356107,No gay-free law school should stand in Canada,education
31336973,Could Donald Trump happen in Canada? You'd be surprised,politics
17619321,"When the media chase Rob Ford, why won't he stop running?",crime_law
16279953,And the medals for climate-change denial go to ...,environment
13316854,"When things get serious, Trudeau will need some firepower",politics
22771826,The census: Little knowledge is a dangerous thing,politics
30764169,The Clinton e-mails: Is this endless non-scandal finally over?,politics
11876893,Why the NDP are too risky a choice for British Columbians,politics
26587805,What's at work behind opinion poll results,politics
12915419,Marcus Gee: Let's audit Rob Ford's '$1-billion in savings' claim,economy
23160602,"Sex education, then and now",education
28462603,The explosive science of genetics,education
27954558,Reality checks await for ambitious Liberals,politics
19842081,"In Gaza, it's all about the tunnels",politics
28382249,How Canadians can step up and get refugees out of hotels,immigration
27637804,Canada can lead: Remember our apartheid fight,politics
11579488,"Is your wardrobe killing Bangladeshis, or saving them?",immigration
27179936,The age of unretirement,healthcare
24416814,Elizabeth May lays an egg,politics
26883457,"Conservatives had the money, but forgot the message",politics
18031911,A less bad Fair Elections Act is still not good enough,politics
31122827,Atheism is the stained-glass ceiling in U.S. politics,religion
28466632,"If the dollar goes south, brains will follow",economy
12144793,Canada's good name persists abroad,environment
19578005,Are drivers justified in their irritation? Maybe they should just think like cyclists,crime_law
30530184,Culture of disrespect: What's the minister's remedy?,technology
25372004,"In British Columbia, a star aligns for Harper",politics
31599791,Why is Canada denying its indigenous peoples clean water?,social_issues
14611471,Why did Harper up the ante on Keystone?,politics
13695594,"Judge Iran's regime by its actions, not by empty words",politics
10932004,It's not just RBC. The foreign-worker program needs reining in,social_issues
30937666,"France's terrorist problem is rooted in Syria, not Paris or Nice",terrorism_security
24698285,The gender wage gap: Why it may never close,social_issues
24459445,Mulcair or Trudeau: One must offer real change,politics
30613879,Report cards are failing parents and their kids,education
32022298,How data journalists missed the truth about Trump,technology
28272617,Canada can be in or out of the war against IS - but not both,politics
25904360,The Iran nuclear deal should be a Canadian election issue,politics
24893726,Is Solomon scandal the latest sign of a CBC celebrity culture?,technology
28399833,"If you seize refugees' valuables, you rob them of their dignity",immigration
14241046,"Quebec's secular charter is clearly unconstitutional, but could still become law",crime_law
29951998,The roadblock to reconciliation: Canada's origin story is false,social_issues
29608297,"Sorry, Boss: Citizens, not celebrities, must sway anti-LGBT policies",social_issues
15196872,When will we hear from Nigel Wright?,politics
32293466,The perilous whiteness of ... pumpkins?,social_issues
15096184,"'Revolution' may be a tired word, but Russell Brand has struck a chord",economy
15032413,Tales of blackmail and betrayal on the Rideau,politics
29569964,"The world's becoming more equal, so why aren't we happy?",social_issues
25943653,Mulcair's makeover of the New Democrats,politics
11844156,Toronto council's non-decision on transit a selfish dereliction of duty,economy
29678232,Liberals may be wise to run out the clock on electoral reform,politics
19970342,Women against #WomenAgainstFeminism,politics
14746307,This Commonwealth 'principle' is naked self-interest,politics
19395285,The Supreme Court is Harper's real Opposition,crime_law
25002816,Michael Chan: I am a Canadian first and foremost,politics
27022611,The phony tainted milk scare,healthcare
10947253,Don't discount Trudeau's flair for the stage,politics
25098970,Alberta risks ruin with plan for huge hike in minimum wage,economy
9532037,Multiculturalism's an outdated insult,politics
19602451,Human shields are Hamas's PR,social_issues
27306227,"If Canada is back, let's restore expats' right to vote",politics
25908348,Will voters get the oil sands debate they deserve?,politics
16372572,"The oil sands are complicated, like Neil Young himself",environment
18056398,Why is Canada botching the Great War centenary?,politics
17967563,Are the Conservatives lifting tactics from the GOP?,politics
24963637,Anxious Liberals finally revamp their game plan,politics
11650486,Harper's Jordan appointment shows contempt for professionalism,politics
22309794,What's really to blame for ER congestion?,healthcare
17912742,Stop cheering - Quebec's sovereignty movement is far from finished,politics
12019831,Nigel Wright's resignation sends a powerful signal: serving Canadians is high risks with few rewards,politics
15232166,Why Harper dug in his heels: That's where the money is,politics
15829916,Why men (still) don't do dishes,social_issues
22987563,The science is clear: anti-vaxxers are immune to the truth,healthcare
28352860,Montreal mayors' opposition to Energy East is petty pipeline provincialism,politics
32430114,"Here's why Liberal leaders score well in popularity, performance",politics
22751410,Vaccination is for the greater good,healthcare
30347198,Canada needs new fighter jets - and a transparent purchasing process,politics
30506063,How many gay people must die before we target homophobia?,religion
30939514,Why black Canadians are facing U.S.-style problems,crime_law
26814361,Jeffrey Simpson: From an election advantage to a strategic failure,politics
12614501,Trudeau seeks high ground with double-dipping policy,politics
24349805,Why improve sex education for kids when they can easily access porn sites?,education
29266448,Why give drivers a free ride? Bring on the road tolls,economy
27051297,How mortgage fraud is thriving in Canada's hot housing market,technology
32463961,Increasing immigration won't fix Canada's growth challenge,immigration
24281617,How Notley can avoid becoming a one-term wonder,politics
16982181,Assisted suicide - what could possibly go wrong?,healthcare
18036639,"We can end honour killings, but not with films by anti-Muslim zealots",religion
17883668,We need a cohesive plan for Canada's resources,economy
16750252,Amy Chua's dangerous ideas,education
17470665,"Ban 'bossy'? Suck it up, girls",technology
25553895,My sick cat: the high cost of saying goodbye,healthcare
21643218,"And now, a completely non-partisan word from your Harper government",politics
13903137,Distinguishing Quebec as closed-minded,religion
22590971,The rich do get richer. Why can't the poor also get richer?,education
32204465,Tempest over taxes may prove fatal for Trump,economy
30716904,Isolationism and the fear of the foreign,politics
26807855,Minority governments: Time for the G-G to come out from behind the scenes,politics
13464858,Fixing the climate with science: What could possibly go wrong?,environment
19193189,Will Wynne get it right?,politics
7779669,Native talks with the Crown challenge Canada's very existence,politics
24704035,Taking on school dress codes: Teen rebels with a cause,education
20606994,The Ford reality show gets cancelled,politics
30501780,Dear Britain: You've got a good deal with the EU. Don't blow it now,politics
30706654,Prohibit marijuana for Canadians under 25? How about a hit of reality,politics
11713775,Let's be clear - the world's not split over gay rights,social_issues
17926583,How to grow your electorate: Legislate turnout,politics
28466969,"Like it or not, Canada's edge is resources",economy
21252026,Terrorists don't have a chance in this country,terrorism_security
30824689,Will Americans really watch - and truly see - the hatred in their midst?,crime_law
26220867,Why can't we meet our (modest) Syrian refugee settlement goals?,immigration
17442607,"On secession, Quebeckers are not the PQ",politics
10809725,"In Canada, French is a language of ambition, not decline",education
14570850,A sales tax makes sense - just not to Albertans,economy
15949872,Another Rob Ford tape has disappeared. Let me enlighten you...,crime_law
28328740,Push is on for Alberta conservatives to join forces,politics
21429265,Whose child-care bribes do you like?,politics
16929985,Conservatives brandish Andrew Leslie as their latest shield,politics
15552596,Do women really have it better in Sweden?,social_issues
13318097,Russia's anti-gay law is incompatible with Olympic values. Should we boycott Sochi?,sports
27975520,U.S. politics: The stuff that nightmares are made of,politics
30096837,Why a 'pop tax' is the wrong weapon to fight obesity,economy
13205288,David Suzuki and Jason Kenney amplify each other,politics
11833001,"Bitumen needed statesmen, not salesmen",environment
16273850,Was our Afghan saga useless - or worse?,terrorism_security
32688487,"Those in power need to believe 'freedom of the press,' not just say it",crime_law
28223696,Cologne assaults revealed hazards of closed borders and vague policy,immigration
12144498,Self-made jihadis: All you need is a meat cleaver,terrorism_security
27923650,Why do we celebrate religious holidays - without religion?,religion
30106286,"More than ever, the world needs genetically modified crops",healthcare
32657532,"Trump's strategy: Pull the fringes into the centre, and mainstream extremism",politics
12327259,Ontario Liberals open the door to the wrong kind of revenues,economy
29727372,Can an expanding economy be a low-carbon one?,environment
21578246,Abusers diminish legitimate male issues,social_issues
22239135,Here's a resolution: Forget the polls,politics
29282579,The suicide epidemic of Cross Lake: Consider urban resettlement,healthcare
25188415,"Mellower NDP sets its course, free of the drag of socialism",politics
32804170,Kellie Leitch misses the point about immigration,immigration
24989585,"Some good Liberal ideas, some half-baked",politics
23700690,Canada's foreign policy invites retaliation,religion
31198376,Hillary (mostly) hits her marks,politics
13674093,"In Sochi, ignore the homophobic law",crime_law
19768103,Putin's war of ideas cuts to the heart of Europe,politics
19737495,The partisan approach to Gaza is a discredit to Canada,education
11742623,Did Dix's quandary hand the B.C. Liberals a potential victory?,politics
8910487,Quebec's language inspectors over-sauce the pasta,sports
27128714,"Mulroney: This is a time to heal old wounds, not to settle old scores in Conservative Party",politics
32824010,Pushing back against populism,politics
22053357,Harper is posing as the consumer's best friend,politics
25797523,A disturbing and misguided sense of supremacy killed Cecil the lion,sports
31205599,Why a referendum on electoral reform? Because this isn't ordinary legislation,politics
30506857,A renewable reality: Fossil fuels aren't going anywhere,environment
29764868,Plane talk: A handy glossary for the non-Arabic speaking flier,education
14406909,"A few drinks while pregnant isn't bad, but the new maternal puritanism is",healthcare
26147272,Green surprise: Why the world's forests are growing back,environment
28791923,The price is too high: Apple must not give in to FBI demands,technology
13449065,The sweaty truth about air conditioning: It isn't so cool,environment
15324734,"On Remembrance Day, are we honouring 'heroes' or 'victims?'",education
25039604,"With Liberal plan, voters have real options for change",politics
31644670,Canada Post knows it's 2016. Does the Trudeau government?,politics
11795545,Why it's good to be Al Gore,environment
28224880,How the heck do we legalize marijuana?,healthcare
25609744,Three myths about negative campaign ads,politics
17598552,Your ancestry may be your destiny,education
27281681,Why Canada should continue air strikes against IS,terrorism_security
12445818,Canadians need proper debate about monitoring of phone and Internet,technology
26339960,The siren song of strategic voting,politics
24939711,Mountain climbing is the height of empty egotism,sports
13295851,Staying cool? Thank nuclear power,environment
32672022,"Deep breaths. After election night, things will go back to boring",politics
8206092,"Hey Liberals, stop boring us to death",politics
15558420,Rob Ford's numbers simply don't add up,economy
13448552,Our case against the Queen's oath,crime_law
18208281,Supreme Court ensures Senate will remain a political tool,politics
17676493,To all those foes of jets at Toronto Island airport: The sky isn't falling,healthcare
29983723,Saudi arms sale: Still time to reverse a terrible mistake,politics
31351065,Obama's failed Syrian strategy,terrorism_security
10200251,Public editor: The Globe's 'road map' to ethical journalism,technology
7021262,Another tragic chapter in Canada's aboriginal saga?,politics
19963703,'Aura of power' to blame for Redford's expense abuses,politics
20588490,Toronto voters deserve better than the Ford brothers' mayoral musical chairs,healthcare
29319406,Independent senators are a threat to our parliamentary system,politics
11667231,"I commit sociology, and I don't intend to stop",education
28747277,"Our Tories, their GOP: Different parties, same demons",politics
19888036,The march of transgender rights,social_issues
25876207,Obama is ending his presidency with a bang,economy
17226537,Canada's math woes are adding up,education
9750414,"Election of Pope Francis made for thrilling pageantry, but Church is failing",religion
26361083,The refugee reality bites Europe,immigration
21658920,"The CBC, its billion-dollar question and lessons from the Ghomeshi affair",politics
30090196,Does Justin Trudeau respect the office he holds?,politics
17097514,A PQ majority would mean another secession sequel,politics
30020823,Why Quebec needs more immigrants,immigration
33054436,Having an opinion while female: You'll need a thick skin,politics
12573303,"Are you horny, older women? There'll be a pill for that",healthcare
27215996,God save the Queen (portrait),politics
18478032,PM's enemies list? Here comes the judge,politics
29082375,Today's feminist problem? Black women are still invisible,social_issues
29359814,A crumbling 'caliphate' is still a threat to Canada,terrorism_security
13547041,Police shootings: A harrowing dance between emotion and science,crime_law
20334950,Why we can't surrender Ukraine,terrorism_security
32266670,The challenges ahead for Liberals' carbon plan,environment
23023469,The state gets more intrusive - again,politics
25867616,How strategic voting might play out in October,politics
26181283,Too much fast talk in this era of slow growth,politics
22163578,"Vaccinating our children is a gift, not a threat",healthcare
11714708,Stephen Harper's costly French kiss-off,politics
31056236,"If a joke is offensive, is it punishable?",social_issues
22375452,The long war is between Islam and itself,religion
13483849,"On pot, Trudeau puts himself in the vanguard",politics
24797344,Liberals swimming against NDP tide in Quebec,politics
25548883,NDP may want to reconsider its stance on electoral reform,politics
28344977,Why outdated thinking means Canada spends too much money on policing,crime_law
25993969,"Get your mailbox off my lawn, Canada Post",crime_law
20476668,Why schools still need the f-word,education
24946466,"Global warming: It's the economy, stupid",environment
17499679,Is Olivia Chow more like de Blasio or Bloomberg?,economy
11665901,Let Omar Khadr speak,crime_law
32249292,Wynne government puts its own interests first with union contract extensions,politics
12163884,It shouldn't matter where a Senator lives - that wasn't the design,politics
33057887,"Fidel Castro's revolution succeeded, but his promises evaporated",politics
33058040,Cuban pride: Fidel Castro's lasting legacy,economy
28804280,The Pope vs. The Donald,immigration
7015466,Robert Fowler: Why Canada must intervene in Mali,religion
16146003,Let's remember Chris Peloso with a national plan on suicide prevention,healthcare
16277915,The fear of offending is sapping universities of common sense,education
14065030,The intelligence that gives Obama a better chance of attacking Syria,terrorism_security
17380742,How should the West react to Russia's Crimean coup?,crime_law
8673665,"Mid-sized Canadian manufacturing, up in smoke",economy
7869957,Jeffrey Simpson: Are we ready to face the realities of slow growth?,economy
22515164,"If the artists starve, we'll all go hungry",economy
22187185,Canada's all about energy ... to send elsewhere,technology
21680863,The Beer Store is a hard case for Ontario,economy
29062711,Forget the gender pay gap. The class gap is much bigger,social_issues
12301157,Dr. Morgentaler was no saint. So what?,politics
30571341,"Without a referendum, electoral reform is unconstitutional",politics
8303672,Saskatchewan knows what Tommy Douglas would do,healthcare
32461979,"Humour, meet fragile ego: The secret weapon of that 'nasty woman'",politics
23875102,New Brunswick is flat on its fiscal back,economy
14657740,Obamacare vs. Canada: Five key differences,healthcare
29184360,Social psychology's credibility crisis,technology
17816899,Don't ignore women's struggles in the Muslim world,religion
17298477,The return of Great Russian chauvinism,politics
17040723,How would Justin Trudeau govern? Time for him to start talking,politics
33053674,"Thanks to Trump, China is poised to dominate",economy
26463892,Volkswagen has made a fool of its customers with emissions scandal,environment
16625310,Now we know Ottawa can snoop on any Canadian. What are we going to do?,technology
13079423,Why don't women care about politics?,healthcare
11730522,Canada now paying the price for Baird's misstep into East Jerusalem,politics
13751626,Jeffrey Simpson: When Senate 'business' and 'politics' collide,politics
15992007,Flaherty to savers: You're on your own with CPP as it stands,politics
18076572,Mere diplomacy is no answer to Russia's threat to democracy,politics
32452521,"Save your breath, Canada: America knows it's great",politics
15131566,Dear PM Harper: To end the Senate scandal change your message,politics
23383379,Tax on tampons is sexist and illogical,economy
24625081,The fight against Islamic State is a mission adrift,politics
22274774,Five conversations Canadians need to have in 2015,environment
12154172,"'Gutting,' 'heartbreaking': A candid Dix opens up about B.C. election loss",politics
14470953,Ford's subway is crowded with caveats,economy
11418189,Margaret Wente: Can enviro-optimists save the movement from itself?,environment
26250103,Voter skepticism not helped by fiscal flim-flammery,economy
22382836,Our neighbour just got more dysfunctional,politics
16267782,"Some cringe at Anders, but he's a true Conservative",politics
26053380,"In Election 2015, which party has it right on global warming?",environment
13905100,Harper should listen to Canada's police chiefs on tickets for pot smoking,crime_law
8466731,The mentally ill have the right to be well,healthcare
19737911,The Gaza war has done terrible things to Israeli society,crime_law
12445332,"Senate reform, not abolition, is in the East's interests",politics
11811373,Globe Editorial: Ontario NDP turning budget demands into crass opportunism,economy
7264832,Has the powerful gun lobby met its match in Gabby and her Glock?,education
26361236,"The Tories may have been down, but they're not out",politics
29184008,Hard-hit Newfoundland struggles with grim realities,economy
28026597,Jeffrey Simpson: A not-so-sunny outlook for Canada's economy,economy
24386991,Rachel Notley's victory shows the system does work,politics
27376738,Muslims in France: a cautionary tale,religion
24004759,What can we do to save the birds?,environment
21565909,"China, the U.S. and climate change: Yes, this is a really, really big deal",environment
30219088,Jeffrey Simpson: Why isn't B.C. cracking down on real cause of rising home prices?,crime_law
22082507,Dear John Maguire: Canada has made me a better Muslim,religion
8078159,"The rich are getting richer? Yes, no, it depends",economy
12463190,Lawrence Martin: Harper must heed the threat from within,politics
32324463,Hockey's back! And the NHL is still sticking it to Canadian fans,sports
24092349,"When Ontario's Liberals say more, they really mean less",economy
17186071,Putin's dangerous misadventure: A 'Greater Russia' or a 'Great Russia?',economy
26690262,"Jeffrey Simpson: Liberals' platform promises much, but how much can they deliver?",politics
24939832,"Fame, fortune and the fallen",crime_law
17482689,Alison Redford is losing the public - and the party,politics
12664211,Quebec is trying to legalize euthanasia by calling it something else. It's still wrong,healthcare
27307796,"To defeat IS, we must learn from failure in Afghanistan, Iraq and Libya",terrorism_security
19256534,The prostitution bill is a bizarre work of moral panic,crime_law
14224364,The PQ's not racist - just running scared,religion
14740206,The PM is right: Going to Sri Lanka would legitimize the regime,politics
13668699,Wake up to the aboriginal comeback,crime_law
11743058,Marcus Gee: Toronto stands to pay the price for mayor's campaigning,politics
7340001,Will Harper join the elite club of long-serving PMs?,politics
31697013,Who has the right to say what's correct?,education
23278325,Judge in hijab ruling is the real face of judicial activism,crime_law
22152128,Time to take our 'resource curse' seriously,economy
21803783,Michael Brown's parents are right: Monitor the police - with police cameras,crime_law
26151235,Company fighting union based on its religious beliefs doesn't have a prayer,religion
25763015,Is Canada ready for the dairy wars?,politics
18232749,Compare a seal hunt to Auschwitz? Exactly what Hitler would have done,politics
19260371,Why the U.S. immigration system is so broken,immigration
7902215,Premier-designate Kathleen Wynne must practise saying no,politics
14811870,When Canada made Afghanistan worse,crime_law
27819126,Canadians deserve better answers about the IS mission,politics
27306077,Why Michael Chong would be a good fit as Conservative leader,politics
20959483,Who are the war hawks now?,politics
20052859,The oath to the Queen is constitutional - as is changing it,crime_law
31418775,I'm very glad the Mounties got their man in Strathroy,terrorism_security
31229817,Must American Muslims prove their patriotism before they speak?,religion
9336246,"Hugo Chavez wasn't a dictator, but he crushed democracy",economy
32874704,Facebook's fake-news problem: How can anyone agree on the truth any more?,politics
32151195,How to tackle the housing crisis in Canada's cities,economy
29724440,Too much math and not enough exercise is hurting our children,education
26418815,Four take-aways from the leaders' debate,politics
19161397,How to live like a Parisian (while you can),politics
7296268,"To solve native issues, focus more on the Indians and less on the chiefs",education
14602891,Why Western Canadians say no to sales tax: That horse has died,economy
15928201,"Canada Post: We've got mail, but not for long",technology
9237644,"A senator's life, it seems, is but a dream",technology
19396824,Aboriginals play the long game - but who wins?,crime_law
32622590,"Polls tighten, but Trump still faces the 'Blue Wall'",politics
20076367,Ontario fiddles while Quebec learns,education
14968433,When rape culture and booze culture meet,education
31464244,B.C.'s climate plan reaches Olympian heights of political cynicism,environment
23949998,Economic stagnation is here to stay,economy
30183291,Toronto's pot shop crackdown was long overdue. Here's why,healthcare
19664297,What do these PMs know that economists don't?,economy
26741796,"Thanksgiving politics, with a side of turkey",politics
26957709,Whose Mother would this monstrous monument be?,politics
32367526,Justin Trudeau's honeymoon has lasted a year. But what's next?,politics
11866603,Why do bullying and rape outrage us? Our minds are becoming moral,education
8535391,"Pamela Wallin: Wadena is my home, the Senate is my job",politics
32577750,Clinton's money grab comes with a price,politics
31289555,What Donald Trump's bad week says about the future of the GOP,politics
14895025,Harper sells consumers down the river with CETA,politics
22360163,Europe's media must unite and stand against the assassin's veto,terrorism_security
20566515,Why we aren't arming Ukraine,politics
21203894,Monopolies: They're not just for beer any more,economy
27931063,A 2016 prediction: Conflicts between Ottawa and the premiers will get nasty,healthcare
26367571,"Mr. Harper, think big on the refugee crisis",politics
24135094,Respect the weight of 800 years of law in Khadr's bail,crime_law
27180070,Honest talk about private health services is long overdue,healthcare
27056043,Why this Trudeau has the chance to connect with the West,environment
28488278,Patient rights - even in death - must trump a doctor's discomfort,healthcare
27550301,Why not a war on global warming?,environment
29739425,The Leap Manifesto is a path to jobs and justice,environment
13316877,When Canada used hunger to clear the West,healthcare
8114824,Jeffrey Simpson: The struggle over 'duty to consult' with aboriginals,crime_law
24398966,"Today's fiscal imbalance is real, not imagined",economy
23117381,A radical approach to extremism: Keep them in school,terrorism_security
22383222,Europe threatened by its own 'clash of civilizations',terrorism_security
31447415,After the spear hunt: We must fight to protect Canada's iconic bears,technology
18462377,Freedom in Ukraine is a Canadian national interest,politics
28386171,Attempted murder in Sammy Yatim's death? Why the jury may have compromised,crime_law
23279298,"Why U of T, York strikes are more than labour disputes",education
28815605,"Yes, Ottawa should run a bigger deficit (but first read the fine print)",economy
15027360,The Supreme Court deserves better,crime_law
18059995,Self-doubt? You're probably a woman,education
15962456,Time to bring Madiba's values to Canada,politics
23482364,Vitamin D supplements aren't all sunshine and lollipops,healthcare
19184880,Hudak's downfall was abandoning traditional Ontario conservatism,politics
24731318,Adventures in academia: The stuff of fiction,education
17649460,Red card Russia right out of the G8,politics
26275135,Why Harper's campaign needs a mid-election reboot,politics
17384193,"If sugar is the new tobacco, then put me down for a steak",healthcare
32357872,Are Tory candidates grasping for a poisoned chalice?,politics
32176077,"The real Donald Trump, everyone",technology
15792773,Still waiting for those emissions regulations,politics
29484587,'Captain Saskatchewan' on cruise control,politics
26760676,America's gun addiction: Like a smoker who won't quit,politics
18330726,Temporary foreign workers threatened the Conservative coalition,immigration
9965530,Mulcair winds himself in knots over Keystone XL,environment
31220198,Anti-terrorism law: Why the Liberals aren't amending it,terrorism_security
25027795,Trudeau's big idea and the art of compromise,politics
9781647,Marc Garneau's withdrawal a real loss for Liberal leadership race,politics
30428285,The Orlando massacre should be remembered as a crime against gay people,terrorism_security
10915088,"Margaret Thatcher will be remembered, but Thatcherism is long gone",politics
6931835,"Rape is a crime everywhere, but India's crisis is unique",crime_law
14036115,Quebec seeks singular identity in a polyglot world,religion
8410607,Canada's looking for terrorists in all the wrong places,terrorism_security
30713482,"Welcome to Canada, Americans! We put the you in neighbour",immigration
24162226,We celebrated Charlie Hebdo's right to offend - and some took offence,terrorism_security
15804281,Is CPP becoming Canada's Obamacare?,politics
7253232,What kind of nation is a first nation? We need to decide,immigration
12569853,Tim Hudak's graceless goodbye to Dalton McGuinty,economy
18001997,"In the battle of hearts and minds, Kiev is losing eastern Ukraine",education
8901119,Religious freedom? This office is about ethnic votes,religion
31914903,Chateau Laurier: It's hard to say goodbye to the facade of an old friend,technology
28890015,Why is Obama visiting Cuba?,economy
22423577,France's new anti-Semitism,religion
13151259,Carbon emissions: Harper drags Canada toward a third-best solution,environment
27218772,Jeffrey Simpson: The Liberals' taxing challenge,economy
26228215,We ignore the liberal arts at our peril,education
27752355,The Paris climate deal is flawed - but an improvement on Kyoto,environment
27170237,It's not in Canada's interest to celebrate Keystone defeat,environment
12892670,"Multiculturalism died, and Harper replaced it with ""royalization""",politics
7018634,An activist recants on GM foods,technology
31800686,When an athlete protests by sitting out the anthem,sports
18980450,"Ontario election: Advice for the undecided voter, part 1",economy
27931795,Weed in the LCBO? Three issues with Wynne's plan,economy
20306190,Partner with Muslims to root out extremism,religion
16809511,"A 'boring' budget, unless you're a senior",economy
16705074,Keystone a green light? Not so fast,environment
19625747,Canada can't remain quiet about my brother Mohamed,politics
18951307,"On climate, Obama just turned up the heat",environment
31826105,Hillary Clinton's redemption problem,politics
26048705,What kind of monster is Amazon?,technology
7975889,Alberta's 'boom and bust' plague must end,economy
10791308,More jail won't solve Canada's aboriginal incarceration problem,crime_law
28004514,The woman who brought down Bill Cosby,crime_law
24301937,NDP win fits historic pattern,politics
11795465,Canada has lost its census anchor,technology
20991303,How Obama let Iraq and Syria slide,politics
29790837,"Where, oh where, is my GP?",healthcare
18373067,"In Canada, war is the PM's prerogative",politics
14677035,Keystone statesmanship would be the real 'no-brainer',politics
32293161,Destruction of Aleppo marks Obama's failures in Mideast,immigration
10099582,"In B.C., Northern Gateway has poisoned the well",environment
7536689,Jim Flaherty makes a mistake,politics
23774764,"A deal, yes, but the burden's on Iran to come clean",technology
13220110,Trayvon Martin's fate shows deep flaws in U.S. concept of self-defence,crime_law
28597714,How much help should Ottawa really give to Alberta?,economy
22485040,Prentice mustn't let the oil-price crisis go to waste,economy
19436344,By-election results show Harper Tories have reason to worry,politics
31677533,Ill-considered words may close the book on Wildrose leader,politics
9317535,Patient user fees in Canada? Hot potato,healthcare
26995241,What the top court left out in judgment on assisted suicide,crime_law
24781959,Harper needs to get this party kick-started,politics
12299090,The liberal elite's gift to Rob Ford,politics
21426758,These midterms won't define Obama,politics
25006589,It's time for Canadian voters to reject partisan politics,politics
32904069,People who use opioids are dying every day. Why won't Ottawa talk to us?,healthcare
20566276,A separated Scotland? Pound foolish,economy
16892532,Income splitting is unfair - and political gold,economy
16670511,Is Woody Allen a sex offender?,crime_law
26813887,My children and I are caught in a useless bureaucratic nightmare,crime_law
10199024,Alternative advice to high-flying women: Lean back,technology
28370250,The Twitter trial: Vile harassment online is consequence-free,crime_law
29082782,"Watching Trump's successes, with wary eyes",technology
22758865,Baird hit peak politics - and picked the right time to leave,politics
26227699,"Canada needs to do more for Syrian refugees, and do it quickly",immigration
15435340,"Brazen and dishonest, Rob Ford defies belief",other
18047340,It's hard to tell wrong from Wright in the Senate scandal,crime_law
15649542,"If ministers aren't responsible, democracy doesn't work",politics
12394508,"Canada's tax cycle is turning, and for the better",economy
29635917,Attawapiskat is not alone: Suicide crisis is national problem,education
21642629,How to communicate a good idea: carbon pricing,environment
20975218,"On balance, Harper's choice for military action in Iraq is right",terrorism_security
24171056,Grumbling over logo for Canada's 150th birthday is a bit rich,education
18891292,Open the gates to uprooted Syrians,immigration
19557013,Watching men watching sports,sports
13041903,Harper will weigh his cabinet timber carefully,politics
30474884,A dangerous moment in history: Can the political centre hold?,politics
13049867,"Among supporters, Ford is a rock star",politics
32932601,"Hey driver, check your privilege. Pedestrians have rights, too",technology
21578232,Time to tame the targeted tax tinkering,economy
31291564,"Okay, really, what's with Trump's hair?",politics
22458385,It's time to confront 'the cancer of extremism',religion
16845904,From the archives: Clark facing crisis after NDP revelations about talks with teachers,education
13708395,Public reaction to political scandal is far from objective,other
23320311,Will Vancouver think big on transit?,economy
16661053,Have some faith in Christian law school,crime_law
16732791,Chris Alexander's flawed overhaul of citizenship law,technology
15968475,"Wealthy, entitled, given free stuff - you know, victims of fate",economy
26373885,"Leap Manifesto gets poor marks for timing and content, otherwise fine",politics
15577208,"Judge me by my ideas, not my religion",religion
25566610,The irony of the AFN's call for an anti-Tory vote,politics
23760947,Saying no to B.C. transit growth is a vote against young Canadians,education
20056515,Obama learns it can be stupider to do nothing,terrorism_security
11943390,BC New Democrats forgot the rules of successful campaigning,politics
19234762,It's time to demilitarize the West Bank and Gaza,terrorism_security
22236363,Out of Afghanistan: The winners and losers after 13 years of combat,terrorism_security
17562312,Flaherty's fatal flaw: An opaque approach to policy,economy
10514619,"Steeped in graft, and no one blew the whistle",economy
26541228,"Canada, the world needs you. Help more Syrians start a new life",immigration
31065266,Why Canada's top court should weigh in on electoral reform,politics
29380387,Should Catholic hospitals be forced to kill people?,healthcare
28975812,Jeffrey Simpson: Sunny ways won't improve 'nation-to-nation' relations,politics
19871248,The escalating war against campus 'rape culture',education
25039792,Race and gender: I feel therefore I am,social_issues
30046917,Prime ministers' wives have answered the call,politics
22658344,"The Iraq mission's dangerous, unspoken reality",religion
30112566,"In our brave new 'post-truth' world, every fact needs a fact checker",politics
23584567,"For Harper, Obama is another Trudeau",politics
9174532,Sequestration: America just won't face the facts,economy
13695379,Here's to the 100-mile life,crime_law
20346364,Why Russia's neighbours are getting nervous,technology
26793653,"Jeffrey Simpson: It really is all about Harper, pro and con",politics
28844713,Can the Liberals' style hide the stumbles?,politics
9623584,Carbon offsets: B.C.'s looniest green scheme yet?,environment
11973517,"Wright, Duffy: When the chief of staff becomes the story",politics
29668617,Liberals face powder keg with gay apology,education
28781118,An inexcusable travesty: Canada sent a Syrian minor to solitary confinement,immigration
20280539,How Canada's most underrated PM faced Europe's crisis,politics
24040902,"Solution to Europe's wave of refugees may sound cruel, but ...",immigration
26904315,Canadian right gets set for healthy debate,politics
15580839,Why is Canada backing oil over other industries?,environment
11181229,Rehtaeh Parsons shows connectedness has driven us apart,technology
16803230,The CBC has corrupted itself by giving in to Olympic demands,sports
32970744,Mr. Trump: The theatre is a stage for free expression,technology
9869958,Steubenville's rape outrage shines a light on our sex-consent laws,crime_law
27933369,Should refugees be welcomed to Canada with debt?,immigration
17185144,"On wages, B.C. teachers are pushing a tough sell",education
12893839,"Public transit is better, but cars are faster",environment
22900905,Medicare won't fix climate change,politics
14909494,Where did all our skilled workers go?,education
29384864,"Three European crises, and no threads to connect them",terrorism_security
10798463,"Alberta's carbon tax is a bold move. Sadly, it's not enough",environment
17834090,"Rob Ford, still setting the bar as low as it will go",crime_law
25246471,Will votes flourish after showers of cash?,politics
9129832,Unions must share the blame for precarious employment,education
24214151,"Asia doesn't vote for subways, it builds them",politics
31848710,"Is focusing on Hillary's health fair? No, but politics isn't fair",politics
7028879,Dear Canada: First nations don't want to be wards of the state,social_issues
20863745,Canada needs a war debate,religion
29116987,"Feminism's field should expand to trans, queer and non-binary people",social_issues
28094280,"The multiplex was once a force, but it's gone over to the dark side",technology
22930442,What the Girl Guides can teach the Liberal Party,politics
12032501,The integrity issue is reaching critical mass,politics
11259812,Baird's visit to East Jerusalem was no provocation. It was brave,religion
32653710,"Carney belongs in Canada's cabinet, not Britain",economy
30004148,"After the Fort Mac fire, a frank talk is needed",environment
28817845,Does the Supreme Court of Canada need more checks and balances?,crime_law
7445707,How firefighters fan the flames of fear,economy
28460992,What kind of China is Canada getting into bed with?,economy
29264212,"Jeffrey Simpson: Trump is the result, not the cause, of GOP vices",politics
21504340,Quebeckers aren't being shown the pipeline big picture,environment
23620688,Why Omar Khadr deserves bail,crime_law
13791657,We have a right to be heard in the pipeline debate,environment
26464730,Patients the losers in doctor dispute,healthcare
28804997,Christy Clark needs a lesson on playing nice,economy
13074877,"In the aftermath of disasters, politicians need to watch their words",politics
28350774,Why the West is caught in the Saudi embrace,religion
30615045,Brexit breathes new life into separatism,politics
14665372,Full-day kindergarten is no magic bullet,education
8276117,"With a clear question, 50 per cent plus one is enough",politics
25004342,Electoral reform: the devil is in the details,politics
19719988,"No facts please, it's cellphone policy",politics
14830765,"Did Mike Duffy pay a man $64,916 to do nothing? Think again",technology
28079345,Lessons from a lifetime of self-improvement,technology
24015272,Get over the stranger danger and join the free-rangers,crime_law
18567547,Should we really leave inequality to the policy elites?,economy
9943718,Exploiting the Holocaust has become all too acceptable in Canada,religion
12301012,"After B.C. election, Redford hopes pipeline fight won't get uglier",politics
17859622,"Progressives battle, Harper smiles",politics
23304237,Israel will pay a price for Netanyahu's Iran obsession,politics
23440429,Trudeau seeks the fountain of youth,politics
17502979,Olivia Chow is a strong candidate. She'll need to get stronger,politics
20204695,University is actually quite cheap - it just doesn't look that way,education
12185610,'Comply or explain' a smart way to get more women on boards,technology
23628775,Proposed communism monument would put justice under a shadow,crime_law
24882127,"Let them wear veils, even in Quebec",terrorism_security
24674728,The world won't wait for B.C.'s LNG,crime_law
32261484,"The higher the baseball stakes, the more indifference to basic decency",sports
25559599,Most of Canada's prisoners have never been convicted of anything. Why are they in jail?,crime_law
32993373,A Trump-Putin entente? Why not?,politics
9939885,The 8 victory lessons Liberals and NDP should take from the Conservatives,politics
12445744,"Government cuts: Soon, all Canadians will know how it feels to be an Indian",politics
9707992,Drones don't just kill. Their psychological effects are creating enemies,education
27265680,IS is waging a two-front war - and so must we,terrorism_security
29823570,'We the North': How Canada's preoccupation with hockey has changed,sports
21387475,Times have evolved. Hubris has not,technology
22129805,"Once again, Alberta's without opposition",politics
11246363,Liberal leadership not much of a prize,politics
27484776,CBC has proved it can withstand the axe,politics
30901554,Feminists should get over Theresa May's politics,politics
27468535,Ottawa makes smart decision to slow arrival of Syrian refugees,immigration
24864481,"On climate change, necessity can be the mother of invention - with a little help",environment
31860291,U.S. election: Never underestimate the politics of celebrity,politics
22070262,Electric cars missed their moment. But gas taxes ...,economy
31800929,When public prejudice can serve the greater good,religion
22409800,Don't wait for Captain Wynne to save Canada,economy
11995279,Mayor Rob Ford must respond quickly and in detail to serious allegations,technology
16507240,Why Canada should support Ukraine's democratic protesters,crime_law
25066075,Empty chairs and a government enfeebled,politics
22130187,How Ontario's squeezing other have-nots,economy
31914328,Why William and Kate are bringing their children on royal visit to Canada,education
26960757,Unmuzzling government scientists is just the first step,politics
8798889,China must de-escalate its 'digital war' immediately,technology
28888887,Jeffrey Simpson: Beware the deficit fix. It's easy to get hooked,economy
27475500,Canada has a proud history of doing the right thing for refugees,immigration
28676610,There's a good reason against bombing IS - if only Trudeau would express it,politics
9317467,Hugo Chavez leaves a mess behind,economy
8305275,"Canada should not strip people, even terrorists, of citizenship",terrorism_security
32776713,What the election of Donald Trump means for Justin Trudeau,environment
17069460,Will a calorie law work? Fat chance,crime_law
16034846,Deactivate the seal-hunt celebrities,politics
25566492,Wanted: Stronger U.S. leadership,terrorism_security
32478679,The Trudeau government's new plan for economic growth? It's complicated,economy
13941381,"The cost of raising kids? Let's be honest, it's not cheap",economy
20280464,Assisted suicide isn't the only dignified way to go,healthcare
25959922,The Swedish sex-work model is a success,social_issues
31498825,The pitiable pivots of Trump,politics
11694211,Radwanski: Ontario's 'fair society' rhetoric starts to drown out the mantra of austerity,economy
25052877,A proper Russia strategy requires more than sanctions,technology
6992362,Education reform trumps property rights in first-nations talks with Tories,politics
12023737,The public eye and the public trough,politics
32451354,"A conspiratorial candidate, and America's deferred dread",politics
7339810,"Coyne, Trudeau: Strange bedfellows indeed",politics
23701486,How do you like Neal Carter's apples?,technology
14272246,What Putin's op-ed forgot to mention,crime_law
25971277,How do you spot the next terrorist?,terrorism_security
13116708,"Harsh lessons, imperfect answers in Lac-Megantic",environment
21293639,Tougher laws are not the only way to stop radicalization,terrorism_security
21123856,"Don't freeze my eggs, Apple. Fix tech's toxic work culture first",technology
21835226,"Love the military, fail the veterans",healthcare
15552285,Save for tomorrow? Not in this country,economy
25485932,Harper sticks with the status quo,politics
17586295,"Democracy in Alberta: Perks, fairy tales and entitlements",politics
24459857,Let's take bolder steps to stamp out smoking,healthcare
28746915,"1968, all over again: Young Americans rally for an anti-system outsider",politics
25327995,An urgent matter: more public washrooms,technology
16910686,Killing Marius the giraffe showed the zoo truly understands kids,education
28568039,Jeffrey Simpson: Canada's energy future is a long way from green,politics
18812139,How women are losing the pundit war,technology
20924259,Are we still that compassionate Canada?,immigration
25876307,Will parties in power ever do politics differently?,politics
16344189,Harper: More pro-Israel than Israel itself,politics
30495617,Jeffrey Simpson: Ontario's climate plan is policy on speed,environment
19234676,Obama's inaction behind Iraq's chaos,politics
13576567,The middle class is good politics but a curious crusade,economy
29774194,Why Muslims are proud Canadians,religion
24761811,"Truth and Reconciliation: Genocide or not, Canada authored this story",education
30189796,Offing the boss: Does killing terrorist leaders make us safer?,terrorism_security
21138368,Islam's clash with Islam,religion
30747410,"The Brexiters make their exit, and leave the cleanup to others",politics
17701994,"The young may live for today, but they vote for tomorrow",politics
25608277,Why a health-care report was dead on arrival in Ottawa,healthcare
25836229,Accountability needed: Why was Justice Russell Brown appointed to the top court?,crime_law
19911344,Russia's soul is more Putin than Gorbachev,politics
22672289,Canada's bluster over Palestine's ICC bid betrays its principles,crime_law
12235270,Dr. Morgentaler was a 'mover of history',healthcare
31537479,After Boushie: It's time for honest talk about racism in Saskatchewan,social_issues
16176713,Reefer madness will spread - if it works,crime_law
31937572,"It's time for action, and new answers, on the global refugee crisis",immigration
18768452,Academic freedom? It's not just an academic argument,education
21348261,Scrapping the PSA test for prostate cancer is an injustice to men,technology
32473797,The Walloon that roared: Federalism's new fragility,politics
14213384,Why a secular charter is good for Quebec,religion
9560925,We can fly the friendly skies again - feel free to bring a knife!,terrorism_security
32804705,Trump didn't win only because Clinton lost,politics
27566968,"Trump: an opportunist for sure, but not a fascist",politics
22643643,U.S. could do worse than Clinton vs. Bush,politics
23427570,Put jihad in its place: one threat among many,terrorism_security
15935637,Let the airport model drive roads and transit,economy
19890289,Gutless sanctions expose West's lack of resolve,economy
27670469,Trump is crazy - like a fox,politics
24283993,Why we might have seen the last of the Alberta PCs,politics
25653158,Don't turn prime ministers into comic-book villains,politics
8482089,"We need to shame hackers, not trade in their stolen goods",technology
24025744,No-prayer rule? A godsend,crime_law
13331003,"Toronto's Rob Ford: A resilient mayor, a tolerant city",politics
29425530,Why Belgium is ground zero for jihadi terrorism,terrorism_security
21973069,"Gay rights aren't that complicated, Mr. Premier",education
20806046,"Look closely, U.S. conservatives: Harper's not a new Thatcher",politics
28225295,Why Sajjan will be wrestling with military spending,politics
25725559,Planned Parenthood under siege,healthcare
10645044,The UN drought program did Africa no good. Canada was right to withdraw,politics
31852643,Clinton is sick – but we should all be worried about Trump’s immunity,healthcare
23320792,Israelis and Palestinians are still stuck in the post-Rabin era,politics
12821569,Toronto Mayor Ford is justifiably angry over Sousa's blindside move,economy
11436337,NDP letter asking for donations has some businesses seeing red,politics
31317723,An Olympic challenge: testosterone,sports
15316641,Could Harper do a Pierre Trudeau on the Senate?,politics
30253397,Why Gingrich may be Trump's running mate,politics
6935101,An aloof McGuinty leaves Broten holding the bag,education
22543214,A federal deficit in 2015? Talk about an economic non-problem,economy
15849107,We need to take the long view on pensions,economy
20180124,What's scarier: raccoons or the police and firefighters unions?,economy
29036977,Why not a national drug plan for seniors similar to CPP?,economy
22819205,"Terror questions for Parliament, not a party rally",terrorism_security
7857305,Rob Ford needs to end the sideshow and be a true leader,politics
26195459,What happened to the Liberals' francophone foundation?,politics
14406605,Guns 'n' lattes at Starbucks,crime_law
10601082,Information commissioner right to investigate 'muzzling' of scientists,environment
17945286,"When MPs hate politics, it's time for change",politics
12434825,"From Obama to Harper to David Cameron, transparency has gone out of style",politics
20093650,Why the chaos of Ferguson would be far less likely in Canada,crime_law
11698749,Will social media change Canadian politics? Hasn't happened yet,politics
28775343,Syrian conflict is Canada's moment to 'wage diplomacy',politics
32709632,"Basic income is not just about work, it's about health",technology
19571563,"Abortion in New Brunswick: The vise tightens, and activists push back",healthcare
26147740,Warmer relations with Russia will backfire on the U.S.,crime_law
29003409,Why stripping citizenship is a weak tool to fight terrorism,terrorism_security
19764919,Gaza's actors stick to a familiar script,terrorism_security
32112371,What's left for the centre-left?,politics
23854302,Liberals heart Larry Summers,politics
21678148,Ontario confronts four years of tough choices,economy
19325141,"Tough times at CBC call for new documentary vision, not a retreat",economy
30253490,"Jeffrey Simpson: NDP wins a round on electoral reform, but Liberals still ahead in the game",politics
22487481,"When a stagnant health system meets an aging population, disaster awaits",healthcare
32088828,"Sure, Trump lost the first debate. But watch out next time",politics
19768238,We can't stomach the real cost of food,crime_law
29792195,Jeffrey Simpson: Why a carbon tax is better than cap-and-trade,environment
22094936,Sydney was just another test for democracy,terrorism_security
8798142,Wynne aims at tripartisan peace with nods to Tories and NDP,economy
10822978,Conservative robo-calls ran afoul of the law - and my mom,politics
7569800,Liberal leadership debate stays on script,politics
12282910,Russia's missiles in Syria will change the whole Mideast game,economy
15530249,Denial is an assault on history,politics
9919009,Why Liberals and New Democrats should share a bed,politics
31955707,"Prostate cancer? Relax, and don't rush your treatment",technology
13578514,"Students are cool with MOOCs, so why aren't profs?",education
11193115,Ottawa withholding reports on B.C. wild salmon,healthcare
18375312,What are the terms of Russia's compromise?,economy
29629512,Canadian Forces reality check: Time to do less with less,terrorism_security
24099894,We are cruel. We always have been. The Internet did not make us so,technology
26263925,Why Toronto should say No to the Olympics,sports
22832603,A court not afraid to brandish the Charter like a sword,crime_law
32357819,Why Montreal's ban on pit bulls is a reasonable restraint,crime_law
27669712,"Jeffrey Simpson: Electoral reform a job for the people, not the politicians",politics
23458917,"If abortion is medically necessary, why isn't access universal?",healthcare
18915380,"Ontario PCs offer a bit of doable, a lot of dreamland",economy
16745709,Don't buy the spin on our emissions cutting,environment
28387572,The Forcillo verdict: Even the police are not above the law,crime_law
17414176,Canada's forgotten independence day,politics
28659297,The fire-breathers lead the Republican pack,economy
29920326,Air rage and the collapse of democracy,economy
29809990,The GOP's unconditional surrender,politics
24050484,Budget paints opposition into a red corner,economy
15815931,"Who's afraid of the big, bad weed? Canada",politics
16405795,"As a teacher, I know global math scores are meaningless",education
15240629,Want solutions to Rob Ford malaise? Learn from south of the border,politics
14450045,Firing people for offensive tweets is worse than offensive tweets,crime_law
10674115,"Across Canada, the Liberal brand is back (for now)",politics
31122484,"For Germany, a new reality - and new questions",terrorism_security
27509852,Banking on Arab youth to turn Arab countries around,economy
13295853,"We're missing jobs, not skills, Mr. Kenney",technology
11606920,Temporary worker program changes just a new rubber stamp,immigration
17532668,"Mr. Putin's next move in Ukraine, and ours",crime_law
21291962,"Mr. Mansbridge, can you please narrate my life?",politics
23453424,Where's the logic in Ontario's power play?,economy
15809360,Frank Gehry and David Mirvish's tall order in Toronto,technology
15122092,A scandal Harper can't prorogue,politics
27127736,Trudeau's time to act on Syrian refugees,politics
26672641,"TPP: Less than hoped for, less than feared.",technology
31123658,"Bernie Sanders lost. Get over it, bro",politics
16314768,"Decades ago, we should have listened to Joe Clark",politics
25901407,What does it take to get women elected?,politics
17102502,Unite the right to beat Rob Ford,politics
11285469,Justin is his mother's son,politics
10251782,The 'great unoccupied condo scandal'? Get over it,economy
20171956,Is Islamic State the best possible enemy?,religion
26556228,We can't turn back the clock on Canada's foreign policy,politics
9236840,Gary Mason: Will Christy Clark throw in the towel?,politics
23878595,Rolling Stone's trail of wreckage,education
14370971,"Two years after Occupy began, our idea is rebooting the future",economy
23628583,Syria gives the Liberals a way out,religion
12786371,Harper change direction? Don't bank on it,politics
11620698,The G-G steps up on democracy,politics
31605288,Let's make sure Ontario's sex-ed curriculum is here to stay,education
24363093,Dad rules when sex ed collides with religion,religion
31599667,The National Energy Board has a credibility issue it can no longer ignore,economy
28817695,"Before we legalize pot, Canada has to decide: How high is too high to drive?",crime_law
27779111,Uber ups the ante. So what's the TTC going to do about it?,economy
26943330,Jeffrey Simpson: Getting to the core of NDP disappointment,politics
29694364,Why is Ottawa still defending disenfranchisement of expats?,politics
26638718,The campaign's final make-or-break weeks,politics
30929037,Peacekeeping: Is Canada looking for a fight in Africa?,politics
30384483,"Yes, there's a housing bubble. No, Ottawa has no clue what to do",economy
23965259,Iran's regime and IS are two sides of the same medieval coin,crime_law
22247123,"When shaping the capital, do so with care",crime_law
31909648,"Snicker all you want, but Trump’s appearance on Oz was a triumph",politics
15513300,Mulcair is very clear and clearly wrong on Clarity,politics
29219395,Ohio primaries: Trump promises a time machine for blue-collar Americans,politics
11693015,Narrowing NDP lead over Liberals in B.C. puts pressure on Dix,politics
20180340,"In California's brown fields, an arid future",crime_law
11434593,The futility of Mr. Obama's gun-control crusade,politics
7536845,Doug Saunders: Killer quinoa? Time to debunk these urban food myths,economy
26226480,"A crisis for many years, and many reasons, to come",immigration
23334065,"Reforming Retirement (4): Canada needs to ramp up CPP, ASAP",economy
17618362,Nadon and the reinforcement of Fort Civil-Code,crime_law
7766669,"A hunger strike ends, but with little to show for it",economy
13903146,Look at the cute new prince! And ignore the ugly royal bank accounts,economy
12073785,Why Toronto Mayor Rob Ford was deemed an unfit high school coach,education
28790748,The solution to an ever-increasing police budget? Fewer cops,crime_law
23296659,Academia has to stop eating its young,education
15907635,Chief Bill Blair is the true professional here,crime_law
11907229,Globe Editorial: Allegations of IRS 'tea party' abuse are deeply disturbing,politics
19762097,Are the police soldiers or social workers?,crime_law
19767541,We've reached Peak Foodie,technology
9335818,"When it comes to the budget process, Ottawa keeps getting it wrong",economy
13886830,Harper's latest prorogation has the unwelcome whiff of political convenience,politics
10193881,"Gay marriage is a non-issue in Canada, but it still riles America",crime_law
32015353,Why Israel's Netanyahu is in a position of strength,terrorism_security
8765756,The spiritual side of Idle No More,religion
26503724,Who has the momentum in this three-way race?,politics
24072170,Infrastructure spending is no miracle cure,economy
30507031,Who needs the truth in this post-factual world?,technology
22710583,Ignoring the poor impoverishes politics,politics
30571799,A women's rights champion is arrested and jailed. What will Canada do?,religion
13814943,"When Canada plans pipelines, it forgets the First Nations at its peril",crime_law
25911708,"Anti-terrorism measure, hijacked",terrorism_security
11395088,"So many political promises, so little money coming in",economy
24343419,Notley should seize the moment and get the bucks out of Alberta politics,politics
31777511,Don't hold your breath for a 30-hour workweek,technology
30457819,Right-to-die bill should be passed without Senate amendment,crime_law
17642490,While the Prime Minister travelled Ottawa burned,politics
16773515,"If the Pope were really progressive, he'd speak about child rape",religion
17860310,"Don't take Putin's bait, Ukraine",politics
15268846,No heroes in this Senate morality tale,politics
14347091,A tip for the PM's new image fixer,politics
31571998,New peacekeeping plan a missed opportunity for Canada,politics
20598876,It's not too late to persuade Scotland to stay in the U.K.,politics
8941991,Alberta has a new export: the petroleum trap,economy
22204450,The meter's ticking on Uber's new humility,technology
11698722,Message from Boston: America has grown up,terrorism_security
27237819,The crisis on U.S. campuses,education
17598253,Here's the value in the Nadon appointment,crime_law
16080664,Wynne plays long game in era of cynicism,politics
15631389,How Harper's foreign policy focus evolved from human rights to the 'almighty dollar',politics
7367223,Harper's 'tough on crime' is all torque,crime_law
12745136,State of play as the House closes its doors,politics
17832282,It's getting tough to find a book. But it's worth it,technology
27303262,"Defeating IS will require imagination, solidarity and courage",terrorism_security
28157058,Jeffrey Simpson: Why the Energy East pipeline will be a key test for Liberals,environment
23670062,Is politics broken? Let's vote on it - or not,politics
14078938,Universities should educate - employers should train,education
32576667,How Canada can take responsibility for its genocidal past,education
29910156,"Trudeau apologizes, but no sign of when electoral reform will begin",politics
27954629,Canada must navigate rough global waters,economy
25045688,"With climate encyclical, the Pope has knocked one out of St. Peter's",environment
29799974,Trump needs to put his 'woman's card' play back in the deck,politics
29299559,Canada polishes its good-guy badge,politics
27898273,"If pot is medicine, treat it that way",healthcare
30782548,"Assisted dying: Focus on support for the suffering, not hastened death",religion
12008542,"Just say ""taxpayer."" It's a get-out-of-jail-free card",economy
24729955,"The new political math: Give me more, tax me less",economy
25066225,How Dylann Roof caught the virus of hate,terrorism_security
30073856,Political finance reforms an insult to Ontario voters,politics
23308420,A life sentence without parole will not make Canadians safer,crime_law
30131537,Jeffrey Simpson: Oil and LNG: Why B.C. still isn't open for business,other
11778418,Let's move beyond census debates. The world is rich with data,economy
14151404,Saint Mary's students should see the consequences of condoning sexual abuse,education
32278938,In search of the triggers to Muslim radicalization,religion
19607475,"Ontario's budget: On second thought, this might hurt",economy
15684784,"The CBC: What's it good for, without hockey?",sports
7924447,"You go, girls! Your political time has come",politics
21886003,Should Canada do a Uruguay on pot?,crime_law
15400852,What to do when the deficit is gone?,economy
8188151,Richard III was no hero,crime_law
12840225,Some hard-headed thinking about living by the water,economy
11841998,"On Ontario budget, Horwath is decidedly undecided",economy
29021257,Trump is running against history,politics
19881794,Board's refusal to say why it's forcing out Police Chief Blair is absurd,crime_law
25783268,The lowdown on women and up-talking,technology
14532245,"A nuclear Iran is still dangerous, even if the tone of voice has changed",politics
19108620,Treat all Canadian citizens equally under the law,crime_law
25413911,Keep the Senate. Replace the members,politics
16462745,We nearly lost our unvaccinated son to flu. This was supposed to happen to other people,healthcare
31381614,"Gay Canadians, and an apology due",politics
31394308,We need to step up efforts to stem Muslim youth radicalization,religion
30562514,Venezuela reaps what Chavez sowed,politics
9602111,A pope for the Church - or a pope for the world?,religion
12137497,"'Taxing the rich' is all show, no substance",economy
13269419,"With goal line so near, Ford stumbles and fumbles",economy
31142729,Yes to B.C.'s new tax on offshore home buyers,economy
8952216,Pipelines are the ticket to North American energy independence,environment
23321418,"Reforming Retirement (3): More RRSP, not more TFSA, please",economy
15446274,Why Jews flee to Europe (or at least half of it),religion
13240182,America's race curse,crime_law
12245820,"Morgentaler, the flawed saint",crime_law
28744570,Young feminists don't need to be told who to vote for,politics
30926538,Ginsburg's attack on a presidential nominee - even Trump - taints the court's integrity,crime_law
16413031,We can expect Canada-U.S. friction to grow,politics
14926816,We have a deal with Europe. Let's not blow it,politics
26115596,Why parties ignore the arithmetic of aging,politics
7888730,"Ease up, stroller warriors, and try a little tenderness",technology
13498165,"Relax Vancouver drivers, you can handle another bike lane",economy
28888508,Why Calgary needs its fluoride,politics
11717422,"The parenting divide: If we aren't over-protecting our tots, we're giving them rifles",technology
27051288,Bombardier wants handouts. What it needs is better management,economy
21563864,Mr. Oliver's twist: orphaned surplus,economy
28532210,"Balmy in February: When puddles replace rinks, we all lose",sports
13105827,"Lac-Megantic: It's not trains vs. pipelines, but why we're relying on oil",environment
12135759,Our petty provincialism threatens free trade ambitions,politics
8077946,"'Roasted, toasted, fried and grilled': climate-change talk from an unlikely source",environment
12934330,"In Libya and beyond, intervention's just the start",crime_law
7538424,Tabatha Southey: Self-serving Tory abuses of power? You ain't seen nothing yet,politics
26385163,Australia shows us what parliamentary democracy looks like,politics
15652032,Kenney's confident enough to speak his mind,politics
24698136,Taxpayers take the hardest hit from attack ads,politics
23111908,Death: a nine-point plan for legislators,healthcare
28744045,Don't blame the flipping realtors for Vancouver's super-hot housing market,economy
15741406,"No time for educational complacency, Canada",education
33052108,Road tolls: It's time to say goodbye to Toronto's free ride,economy
30768477,"Like many in Britain, I could have said 'No, Prime Minister'",politics
16236513,The loonie's overdue landing,economy
13814972,The long war against al-Qaeda isn't over,terrorism_security
9234600,The Harlem Shake and a simmering Arab sexual revolution,religion
31648725,The West can't let Putin decide Ukraine's future,immigration
29030440,Troubleshooting the malfunctioning Republican Party,politics
28228455,Supreme Court fumbles again on assisted dying,crime_law
31295522,How Alberta could champion a new energy source,economy
17357913,Don't let Russia abuse Crimean history,crime_law
31381639,"Yes, Rob Ford lied. No, the camera didn't",technology
22329693,"Netflix cracks down (cough, cough)",social_issues
21481849,Not all conservatives have their heads in the oil sands,environment
18459188,"After Atleo, does the Assembly of First Nations serve any purpose?",politics
7177302,Inconvenient truth: We don't have the best health-care system,healthcare
29805600,The Catholic church must find the money for residential school victims,religion
19133323,"Who needs democracy, anyway?",politics
27108365,"Trudeau's balanced cabinet, with real merit",politics
15324696,I'm glad my war-veteran father isn't a soldier today,education
18757183,My sister and I know it: We need an inquiry into murdered aboriginal women,immigration
21504081,Wake up to the benefits of a later school day,education
11935330,Globe Editorial: B.C. voters choose economic growth in historic general election,politics
25672460,Put First Nations in charge of oil pipeline safety and spill response,technology
11778246,Celebrating Canada's military past is not a partisan exercise,politics
23160916,The first minister and the fourth estate,politics
25663593,The eternal NDP struggle with free trade,politics
29452220,Pay-to-play has no place in a democracy,politics
21779673,Policing lessons for Canada from the Ferguson fiasco,crime_law
23545770,"Canada sells ""rule of law"" to countries like Egypt. But whose rule? What law?",crime_law
13080671,"For lack of pipelines, the risks of rail",economy
12725889,A Harper turnaround: 'Why' is easier than 'how',politics
12825020,"The PMO is not the place for petty, partisan games",politics
9468954,One Pope. Five experts. Our faith panel picks a pontiff,religion
22358012,Paris attacks illustrate the power of mockery,terrorism_security
12695248,"Baird's dismissal of Iranian election as ""meaningless"" leaves little opportunity for change",politics
11881474,Whoever wins election needs to take early action on environment,environment
29553145,"Baseball season is young, and sexism is here. But there's reason to hope",sports
25175186,Greece stumbling toward default: A game of chicken gone wrong,economy
20608523,Welcome to the 399-day federal election campaign,politics
13564028,Rick Mercer grills his pals for a holiday name,politics
32338990,What happened to Justin Trudeau's promise to ban asbestos?,politics
22165729,Only humans allowed into Paradise? Don't be so dogmatic,religion
29711483,New Liberals play old Liberal games in minister's fundraising scandal,politics
32694649,The dwindling demographic support of the Republican party,politics
17942327,"Taxes pay for robots, but robots don't pay taxes",economy
11717275,Surging B.C. Liberals press NDP to mount more aggressive campaign,politics
29904241,"Notley's first year: Calm in crisis, strong in delivery",politics
24498401,Toronto's carding policy diminishes trust in the police,crime_law
29912274,A few more census questions for Canada's geeky populace,politics
29333884,The Brussels attack: A blow to the heart of the EU,terrorism_security
32450922,"From Clinton, a more aggressive and impassioned debate performance",politics
12573341,How Americans came to believe in 'Canadian values',politics
16074220,"Now comes the heavy lifting for Enbridge, First Nations",economy
26326843,Lynton Crosby explains how conservatives can win,politics
26227041,Parties are losing their sense of identity,politics
6873483,The way to break the Northern Gateway logjam: aboriginal equity,environment
24329853,A half-century of progress and black America's still burning,crime_law
25341357,The jihad path not taken,religion
22066223,The prison system failed my daughter. Ashley's ordeal will be repeated,crime_law
14892866,"Good enough for Nobel, but not for Quebec",religion
11636413,The best terror defence is intelligence,terrorism_security
30020007,"Liberal move on electoral reform: Big on goals, short on principles",politics
16724305,Ottawa must rein in its soaring pension costs,economy
24002162,The Soviet Union didn't die,economy
13295395,"Marcus Gee: With Toronto subway decision, Rob Ford finds the good in taxes",economy
13464882,"Revenge is a bad business plan, Newfoundland",religion
13400823,Pension liabilities drive America's cities to their knees,crime_law
24565583,"Germany: Where the refugee flood is a solution, not a problem",immigration
13966847,Ignore the scare tactics. Canadians can afford retirement,economy
30692142,"Jeffrey Simpson: As his time winds down, Obama draws rightful recognition",politics
26504484,Why Hillary Clinton had to say 'No' to Keystone,politics
19680751,Ukraine's chaos is 'Made in Moscow',technology
9369079,Confederate flag ugly symbol of human bondage that should not be used,education
29546188,"As Quebec tackles corruption, where are the other provinces?",crime_law
22643625,Doctors and provinces: End your Cold War over billing,healthcare
22246132,"It's all over now, baby boomers",economy
16680743,Is this democratic reform's Big-Bang moment?,politics
26851501,Mulcair's challenge: The morning after the night before,politics
29533876,Why the Liberal party is rebranding itself as a 'movement',politics
27653335,First Nations need a lot more than just a missing women inquiry,politics
13534242,Meet the new breed of relevant environmentalists,environment
31599702,Ottawa must be clear: This is not traditional peacekeeping,politics
20736757,Seniors on stretchers: a health care disgrace,healthcare
13939363,Punished for being a parent of a bully,technology
8148703,"Clarity of secession, confusion of NDP",crime_law
27326661,Let Paris be the moment we confronted two global threats,terrorism_security
22611162,For Alberta? For Ontario? Speak for Canada,politics
11712162,Don't wager on a Toronto casino,economy
19191363,Ottawa's sunny outlook on asbestos is out of step with the facts,healthcare
17860024,"Dimitri and Eve, fools for love",politics
12293766,Canada doesn't negotiate with terrorists. Until it does,terrorism_security
24520679,Paradigm shifts and pollsters,politics
15503777,Meet the new servant class,education
14332725,The core of Quebec's charter? Republicanism and feminism,religion
10798255,The food safety agency can be cut. There are better ways to protect our health,technology
14581126,Move the unemployed to where the jobs are? It doesn't work that way,politics
25413801,Confusion reigns on aboriginal rights when court rulings meet reality,crime_law
9966416,The budget should restrain absenteeism,economy
31692545,Indian status: Why are we still hanging on?,social_issues
7969542,The 1 per cent get a bad rap,education
26055674,Academic freedom at UBC: The case of Arvind Gupta and Jennifer Berdahl,education
21354222,"Lone wolves, police state",terrorism_security
9552917,Doug Saunders: Hugo Chavez had nothing to do with South America's real revolution,economy
16724279,Keystone a pawn of global climate politics,environment
29004127,You can't fight obesity without tackling fat shaming,healthcare
25541257,An energy strategy to power the country,environment
23322748,"How Al Jazeera, my employer, failed me in Egyptian court",crime_law
27286044,Canada should not waver on plans for Syrian refugees,terrorism_security
19626910,"As a former sex worker, I am sure the Conservative bill will fail",crime_law
23812621,Are we ready to open the Pandora's box of pharmacare?,healthcare
21745050,Ten key legal points of the Ferguson verdict,crime_law
21002326,Why climate litigation could soon go global,environment
21055867,Is this the death of the grocery store?,technology
22457601,Quebec nudges Wynne to join cap-and-trade scheme,environment
29264416,Obama's fatalism leaves Putin plenty of rope,religion
25235615,Why do we cling to an outdated Senate that does the government's bidding?,politics
16738128,"Marcus Gee: As it stands, Gardiner teardown is a bad idea",sports
27909951,"Evidence, please, on medical marijuana",healthcare
13240121,"Harper's cabinet shuffle is a good facelift, but what's behind it?",politics
9982148,Canada's mortgage rates are not the Finance Minister's business,economy
27123188,"I designed the Canada Post community mailbox, but send your hate mail elsewhere",technology
13957176,"Seeking Stephen Harper, historically",politics
20921845,ISIS has threatened Canada - but that's not the best argument for intervention,terrorism_security
17678773,The West's response to Putin is a joke on the free world,crime_law
12632101,"The G8 that failed: Syria, Russia and the demise of summitry",economy
23349944,Spocking the fiver's a loving tribute. But still no women? Most illogical,politics
16746771,How to be a gay rights ally during the Sochi Games,sports
31210788,"During heated U.S. election, knowing thy enemy remains good advice",technology
23562195,How not to ramp up the CPP,education
25725494,"Medicare needs a culture change, not more money",healthcare
12768160,When might it be Justin time?,politics
31459239,"Fully, completely: The Hip unites us all",other
21005170,Let the provinces' fiscal squawking begin,economy
14928534,"Free trade with Europe's a start, but we're still overpaying for food",politics
30760916,"Pride controversy: Gay, white men were once on the outside too",crime_law
31838978,When it's too costly even to be poor,economy
17368619,The world is awash in excess cash. Time to free up capital,economy
10449504,The road to electric cars is strewn with potholes,environment
23545970,How not to conduct a transit plebiscite,politics
29021955,"Wrong, Mr. Wall. Quebec is not attacking the western oil industry",technology
28604774,Humanity's best friend deserves legal recognition,crime_law
18459108,The Senate lives on with all its powers. So now what?,politics
24455836,Ontario has a genuine friend in Couillard,politics
18930209,Autism does not equal murderous rage,crime_law
11140754,Let North Korea test a missile. This game is getting tiresome,education
31860776,What way will the Conservative Party turn?,politics
27164326,Myths and stereotypes: Some judges still don't get it,crime_law
16147624,It's time to build democracy 2.0,politics
20350107,"Provincial challenges, federal dollars",economy
14270413,Rape on campus - is it an epidemic?,education
24252074,Why do we need laws to enforce common sense?,education
29527255,Jeffrey Simpson: Nine reasons why a Trump couldn't happen in Canada,other
28681535,"Cultural genocide: When we debate words, we delay healing",crime_law
7039202,What if Mother Nature had rights? She does in Ecuador,economy
15580843,Oil sands debate not about good vs. evil,environment
7437935,Cost of policing in Canada cannot continue to rise,crime_law
10914114,Adam Radwanski: Hudak still paying for a bad first impression,politics
29189632,"A woman on our money: Who deserves to be honoured, and why?",politics
11805809,Marcus Gee: Transit debate descends into debacle,economy
8127362,Canada's African adventure takes a colonial turn,politics
13337953,Premiers to face off against Ottawa over 'flawed' job program,politics
17174267,Nightmare? I want a daycare on Elm Street,politics
22528325,Degrees of misogyny at Dalhousie,education
19523276,"In the Khadr case, politics can't be allowed to trump precedent",crime_law
17610287,Has Putin bought into these dangerous ideas?,crime_law
27411691,Syrian refugees facing winter in tents: How Canadians can help,immigration
13815907,A radical idea for union leaders: partnership,economy
22837331,The Supreme Court gets it right on assisted suicide,crime_law
20912608,Only a limited Canadian mission against ISIS deserves support,terrorism_security
18089478,Can our kids' schools be too safe?,education
27036548,Time for a Canadian summit on climate change,environment
11738514,Israel's motive in hitting Syria was pure self-defence,religion
7915335,Is Canada's hockey obsession getting out of hand?,sports
28814433,"Maybe, just maybe, fluoride is simply there to protect your teeth",healthcare
11689508,Ontario's debt burden just keeps on growing,economy
31498601,"Distracted driving: Put the cell away, or spend time in one",crime_law
22532639,We have to break the cycle of extremism and backlash,religion
11999486,The Iranian threat isn't nuclear - it's political,economy
10157546,Obama has put Israel back on the agenda. Now the tough choices begin,terrorism_security
26943151,"The energy challenge, for Trudeau and Alberta",politics
29342754,Why the NDP needs to keep Mulcair's hand on the tiller,politics
27306638,Canada needs 'coalition of the willing' to improve health care,healthcare
30050009,Is it time to give Russia the Olympic boot?,sports
21094270,Was Obama eight years early?,economy
16254959,Ontario delivered on taxes. Business's turn to step up,economy
16075404,"We'll be home for 'Christmas,' however it's celebrated",religion
10365821,A Page the Conservatives will happily turn,politics
20144410,Marijuana: Yes to more steps toward decriminalization,crime_law
13320623,A minister barred from her own committee? It's Harper's consensus-free cabinet,politics
6968196,Running government like a business has been a dismal failure,politics
11906661,NDP holds strong lead despite nasty Liberal campaign,politics
11695646,Quebec premier should butt out of corruption hearings,politics
19556504,"Party democracy is great, except when it isn't",politics
20377389,"Thanks to Putin, NATO has never been more relevant. Unfortunately.",terrorism_security
23495095,China's one-child policy achieved nothing. So would a two-child policy,social_issues
16661878,Why partisanship is good for the Senate,politics
26167435,UBC is right to remain silent,education
15768057,The damaging legacy of discovery learning,education
16088703,"In 2014, searching for signs of life in Ottawa",politics
13035562,Our computers are not going to kill us all: Cyber-war is military fiction,technology
13400934,"For Canada and First Nations, it's time to end the experiments",education
22016864,Torture isn't just immoral and illegal. It doesn't work,crime_law
30824097,Alberta the natural fit for Kenney's conservatism,politics
17925023,The days of entitlement in office are ending,economy
31930829,Tips for the PM: Stay clear of constitutional quagmires,crime_law
17015765,Green MLA demolishes B.C. Liberals' environmental rationale for LNG,environment
30831823,"After the Ramadan attacks, moderates must stand against hate",religion
12219357,Better ways than tax hikes to fund Greater Toronto's transit,economy
31728320,"Like unions and political parties, charities deserve freedom of speech",crime_law
8754199,"
Getting hosed by the Canadian discount",economy
14423791,Time to bury health care's 'transformative change',healthcare
13309324,Too much of a good bike thing in Vancouver,technology
11866552,Why pay more? To be conspicuous,politics
16372532,Stephen Harper's firsthand Israel,politics
26428557,Politicians can't shake the myth of small business,politics
15470499,Income inequality in Canada: What's the problem?,economy
23242595,Why Finland doesn't fear the growling Russian bear next door,economy
15671122,Ontario Tories' nuclear promises could short-circuit their election platform,politics
8158816,"That's it for the penny. Now, about those nickels...",technology
17578926,Republicans suddenly get smart on crime,crime_law
7844760,When royals kill: Harry's not the first,technology
20991274,Caught in the middle of the bee war,environment
14739754,"As women earn more, why aren't the dads staying home?",economy
22228465,This young Saudi woman fought for her right to drive. Now she's in jail,crime_law
27933664,The Year in Review: Some laws the Liberals should rewrite,politics
28544886,Jeffrey Simpson: Canada must be ready for a post-Obama America,politics
27973165,"Move over megaprojects, here come the teraprojects",environment
27022006,There's more to diversity than gender parity,social_issues
23648361,Alberta budget: Jim Prentice's plan to stop blowing the windfall,economy
26341743,"When the votes are in, ball may be in the Governor-General's court",politics
23907440,"Ontario's greenhouse gas plan: Is this Green Energy Act, Round II?",economy
25477511,"A deal for Greece is struck, but the damage is done
- The Globe and Mail",economy
9843255,"Okay Canada, it's time to rebrand ourselves. How about We're No. 11? Or Biebland?",economy
30003804,Why a U.S. licensing exam shouldn't regulate Canadian nurses,healthcare
17905969,Why do the Maple Leafs fall each spring? Let us count the ways,other
17271450,Does Russia have a 'responsibility to protect' Ukraine? Don't buy it,technology
23760328,This won't be the last Indiana,crime_law
24863562,It's time to take down the spoils system,politics
20980918,"Quebec voters at the heart of NDP, Liberal positions on Iraq",politics
27965975,"France: A country, and party, shaken to its core",politics
26140463,"We focused on the camera, but it doesn't shoot to kill",technology
11783704,How employment equity will take a hit from dodgy national data,immigration
29425239,Rob Ford and Donald Trump: Plato would get it,crime_law
21962079,The Canadian Wheat Board's harvest of rumours,politics
26638628,The revenge of the old-fashioned socialists,politics
23766839,Jim Prentice's bed is already made,politics
16503582,New ads to 'fight back' against union influence,politics
14175830,Toronto transit descends from tragedy to farce,politics
24140231,It's unstoppable: Same-sex marriage is coming to the U.S.,crime_law
27652245,"Why Canada, U.S., diverge on Syrian refugees",immigration
13271868,"New voices, same sound bites in Harper's cabinet",politics
17069431,Why Trudeau doesn't have to sell his ideas,politics
24826056,"If not their backyard, then whose?",environment
33026528,What's to be done about Brexit?,politics
16705238,Trudeau's Senate plan is rash constitutional adventurism,politics
6891037,India's fury over gang rape will sadly be fleeting,politics
29717722,"Monaco, where the 1 per cent learned to dodge taxes",economy
12146630,House of Lords offers a Plan B for Senate reform,politics
32446913,Ottawa's gloves come off over health-care funding,healthcare
28787837,A gold-medal performance in bad judgment,sports
19818348,The case of the would-be jihadi,terrorism_security
29037873,A friendly dinner won't mask an angry America,politics
22793877,The Women's Mosque evolves North American Islam,religion
14619186,Pipelines likely to stay a pipe dream,technology
27750341,The meddling masters of our high-cost health care,healthcare
25960825,"Alms, alms for poor Mr. Harper",politics
12901815,"Bill Bennett vowing to get a grip on B.C. Hydro spending, culture",politics
15837684,Mayor Rob Ford looks on from sidelines as City Hall work is done,economy
16059313,Eight charities that deserve your cheer,education
29369773,Bombardier's C Series needs new pilots in the C suites,politics
24002224,Now's the time for Ontario's cities to quit the electricity business,economy
17815249,New pot regime is going to pot,healthcare
22202022,A tip of the hat to Prof. Piketty,economy
30747243,The lasting legacy of a dreadful president,terrorism_security
10762639,Toronto faces spectre of another missed chance to rebuild transit,economy
15019936,"For Palestinians, the other enemy is their own leadership",terrorism_security
22986873,Rape: a shameful weapon of war,terrorism_security
23111897,The military of 'all things' is a battle lost,politics
30224220,Why the election of London's first Muslim mayor is a message of hope,religion
22247585,Tory policy? Big Business isn't feeling the love,economy
23339765,"For some Canadians, a prison of ice and snow",crime_law
19301640,"In Egypt, a Canadian found guilty of the crime of -- journalism",crime_law
21821226,The last mile of equal rights is the hardest,social_issues
30112395,"A quieter, less historic Old Montreal",healthcare
10705901,Making peace with Ontario teachers comes at a price,education
13118294,"No trains, no Keystone XL?",environment
8158602,"Oh, those poor lost NDP sheep",politics
8737147,"Elizabeth Renzetti: Horsemeat is probably delicious, but I say nay",technology
13725994,The Arctic is no place for military spectacles,politics
30507137,Fear and loathing in England as the Brexit debate brings out the worst,politics
25142690,Whose history is it anyway? It depends,politics
19533863,Are we ready for the neo-neo-conservatives?,terrorism_security
13767948,A lesson for Canada as the U.S. turns against mandatory minimums,crime_law
22540614,Even Harper wants Quebec,politics
16398062,Ontario PC leader Tim Hudak shies away from union fight in latest proposal,politics
27460094,Trudeau gets a quick introduction to the global stage - and Canada's role,politics
25217039,The Nepean contest wasn't about substance,politics
12604709,"MPs earning extra income: Top up, or rip off?",politics
25519367,This Iranian nuclear deal is better than no deal,politics
11935173,Focus on B.C. economy pays off for Christy Clark in a Liberal comeback for the ages,economy
19432228,No more torture in stirrups,healthcare
16983721,Quebec gets it right on the right to die,healthcare
12143798,Voter suppression cannot be allowed to stand in Canada,politics
12245332,Should the rich pay more? Not necessarily,economy
23111923,Alberta's day of reckoning has arrived,economy
9831465,How broken is military procurement? It's time for a blue-ribbon panel,economy
15485670,Obama's oratorical gifts make his Gettysburg snub baffling,social_issues
13534011,Canada's hang-up with foreign mobile,technology
8077703,God knows who'll win the Super Bowl,religion
17382818,Aquilini may need to spend money to make money - and save his franchise,sports
21385229,"If this isn't Wildrose's moment, then when?",politics
18461606,"As China's ascent continues, Canada is missing in action",economy
8982999,Never mind the Senate - repair the Commons,politics
12271689,The case for still more diversity,social_issues
12108508,"Amid the political morality tales, some serve us with distinction",economy
29514640,Ontario's Wynne shifts in the right direction on political donations,politics
14310961,"The Quebec charter: Maman, qu'est-ce qu'un turban?",religion
19004348,Canada's lagging on climate change is putting the economy at risk,environment
25594628,Peacekeepers in Ukraine? It's possible,technology
13835602,Senate could derail Harper's best laid plans,politics
30414897,"America: Diverse in our death toll, united in fear",politics
11897974,What Israel can teach Canada about education,education
13584395,Russia's curious pre-Sochi crackdown,sports
10352910,Rob Ford's personal foibles may overwhelm his Toronto mayorship,crime_law
24389755,Why the air war against IS is failing,terrorism_security
27185790,"When overhauling Canadian veteran services, let's also consider the kind of wars we fight",healthcare
13204987,An oath of allegiance to a person is a potent symbol,politics
29070764,Jeffrey Simpson: U.S. will pay attention when Canada pays its way,economy
22473282,"Why the abortion-pill delays, Health Canada?",healthcare
19215002,Pipeline decisions: Predict at your peril,technology
28060850,"In a U.S. with more than one firearm per person, is gun control even possible?",terrorism_security
20500164,"The Franklin discovery's not about what, but where",technology
27325400,Hollande faces the enemy from within,terrorism_security
10374471,Canada might well benefit from Keystone's rejection,technology
13486597,Keystone's benefits to the U.S. and Canada,environment
22644121,"Thumbs down to fingerprints, boss",technology
16124681,"For common-law couples, 2013 was a 'we need to talk' year",crime_law
11843012,B.C. Liberals' 801 group burned by their own game of thrones,politics
30686641,Was the ghost of Marx haunting Brexit?,economy
16057802,"B.C. likes Trudeau, but he'll have to up his game",politics
16023053,Law societies must show more courage on Trinity Western application,education
27747138,"Terror, Trump and Canada's future",terrorism_security
26352002,West shouldn't use 'root causes' to ignore refugee crisis,immigration
21445732,A bridge name too far?,politics
13001078,Best evidence says supervised injection sites are 'best care',healthcare
12595502,"Syria: The G8 should call for for intervention, now",terrorism_security
21293211,"At times like this, take a hard line on fear",terrorism_security
14150639,Don't complain about more research on Northern Gateway,politics
15359620,Red poppies do not glorify war,politics
8415327,"Don't judge the Conservatives' push-me, poll-you tactics",politics
24101210,The lost art of political persuasion,politics
17926392,Outsmart Heartbleed? I can't even remember my password,technology
13351559,Action-plan ads are ineffective,economy
14590737,"Harper ties Keystone to 'facts,' but which ones?",environment
30937923,"After Nice, a bolstered Islamic State - and increased risk of cascading terrorism",terrorism_security
28920625,Canada comes up short at UN review of human-rights issues,social_issues
17131989,Canada has a key role to play in Ukraine's future,economy
16774018,"Marriage is better for everyone, not just French presidents",crime_law
29252952,Why Trudeau should head to Myanmar,politics
21967221,How Albertans schooled Prentice on gay rights,social_issues
32696265,Forget Clinton's e-mails. It's the ground game that matters,politics
32954000,Some protection from the flu is better than none at all,politics
23149620,"How NDP, Liberals gave Harper a free pass on foreign policy",politics
29119877,When is a feminist not a feminist?,politics
30066572,The legacy of the Komagata Maru,immigration
10600120,Ralph Klein: 'He was a party crasher',politics
23667013,Why Louise Arbour is thinking twice,social_issues
8188203,The war on drugs becomes a meaningless skirmish with sick people,healthcare
29636734,The Trudeau government's Saudi hypocrisy,politics
12936621,"We have pandas, but no trade deal with China",politics
12896237,Is there ever an excuse for not voting?,politics
25249844,Summer isn't the time to predict which way the political winds blow,politics
12660473,Wynne and McGuinty: the great disconnect,politics
20959476,You can't stop Ebola at airports,healthcare
31382232,Why Trudeau should move now to safeguard the Northwest Passage,politics
16823409,"With the Charter, Quebec risks closing its mind",religion
26345267,Albertans should listen to diverse voices calling for climate action,environment
16625142,What happens when fossil fuels run out?,economy
21113553,Government's still harshing Colorado's mellow,economy
13816105,A too-humble America,economy
10507050,A taste of reality for Alberta's public sector,education
26151269,"Trump and Corbyn: Polar opposites, so much in common",politics
14110672,Excellence should matter more than seniority when Ontario chooses teachers,education
11973183,The only sure election winner: negative campaigning,politics
21702419,Is this America's most fractious divide?,politics
12392031,The Canadian government still embraces a war-on-drugs mentality,crime_law
28843172,Why I am often the only black person hiking the trails?,immigration
16413952,Harper in Israel: What he did and didn't say,politics
12463814,Online surveillance: What could go wrong?,technology
28884227,Should they sell pot at the drug store?,healthcare
15122161,"In Calgary, Conservatives will emphasize the positive",politics
16487565,"Rob Ford video shows his versatility. Oscar, are you watching?",technology
24030095,Iraq is a training mission. Why the veil of silence?,technology
13749352,Liberal insider strains credulity during gas plants testimony,politics
19287922,New foreign-worker rules a solution in search of a problem,economy
17097813,Did the Liberals forget Quebec?,politics
31255968,How 'none of the above' could decide the U.S. election,politics
13815421,Jesus as we'd like him to be,religion
9295486,"In Canada, the new solitudes are East vs. West",economy
13932226,Quebec's religious-symbols ban won't happen. But there's reason to be worried,religion
32174021,Think carefully before deciding to deploy peacekeepers,politics
28680324,Couillard's green epiphany raises red flags in Quebec,environment
13200030,Pips and crowns? Mere defence diversions,economy
22793639,Vaccine paranoia gives Jeb Bush a shot in the arm,politics
14059552,Outrage over pro-Palestinian ads a case of shooting the messenger,politics
25421365,Upstart hopefuls stealing U.S. election limelight,politics
24058562,When does a bath become a necessity?,healthcare
30307073,PMs and the press: Hostilities are the hallmark,politics
30339294,"Jeffrey Simpson: In the Brexit debate, economics are no match for emotions",economy
20698761,Can Jim Prentice put Humpty Dumpty together again?,politics
31393784,"The Liberals promised peacekeeping, but it's not 1957 any more",politics
15928185,California's troubles are on every corner,economy
7354208,Unity and respect are best ways to advance native issues,politics
27200333,Canada's forgotten Cold Warriors,politics
14302377,"Blurred Lines, blurred morals",terrorism_security
29294152,"Don't copy America: Canada needs fewer guest workers, more citizens",immigration
31582539,Sarkozy and the French fear factor,politics
13903186,Why Canadian citizenship is a scourge for Ted Cruz,politics
20795994,"Idle No More isn't dead, it's just resting",crime_law
22514958,"In the push to get back to black, don't ignore the economy",economy
11566614,Dix's pipeline flip-flop is a resource chiller,politics
11566552,Getting closer to a cure for what ails health care,healthcare
27121972,Jeffrey Simpson: What to do with all those Liberal backbenchers?,politics
15770101,Draw the line now on China's encroachment,economy
23232598,"With veto, it's time for the NAFTA option",technology
20648453,Who'll really pay for pick-and-pay TV,politics
15540015,"In Ontario, Hudak's most at risk of being burned by the Ford time bomb",politics
15690258,How long will Ford's scandal keep the world laughing at Toronto?,other
9146068,A most Canadian compromise: balancing free speech against other rights,social_issues
9897809,Proletarian Chretien still plays the outsider,politics
20274623,We don't need term limits. Voters take care of that,politics
23566882,Pick-and-pay TV will lead to better Cancon,technology
6928550,"The ethics of pizza, prison and punishment",crime_law
28020934,Canada: Please don't stop empowering Afghan girls,education
8133369,Cats are unimpressed with our reaction to their murderous ways,other
18915264,Empty the whale tanks - just not these ones,environment
30274801,Handy lessons from Down Under on electoral reform,politics
30304223,Doctors' billings: Transparency is the best medicine,healthcare
28544952,Can Rubio grab a GOP fixated on anger and revenge?,politics
20058923,Why are U.S. politicians slow to respond as Missouri simmers?,technology
28679814,Toronto's taxi drivers' bad public relations,economy
31349345,Where is the 'balance' among Tory leadership contenders?,politics
10176957,"Once a leader, Canada disappearing from the developing world",economy
25065594,"In pursuit of 'superhospitals,' the public interest came last",healthcare
32292025,"Millennials may seem a different breed of voter, but look again",politics
30180460,Jeffrey Simpson: Tories need a new take on climate change,environment
29379888,Jeffrey Simpson: What exactly is a 'nation-to-nation' relationship?,politics
17916327,How the U.S. pulled off the great Canadian privacy giveaway,economy
7454382,Ford has a right to crow about his 'historic' feat,economy
28351566,Who polices the police? We do,crime_law
17634215,Redford's tenure follows a familiar script for women in politics,politics
25027187,Our military chiefs need new marching orders,crime_law
22729530,If only it were a golden age for golden-agers,politics
11174065,The Bitcoin depression needs its John Steinbeck. Let me volunteer,technology
32220243,New housing rules a necessary dose of preventive medicine,economy
12503011,Is Jacques Parizeau living in a time warp?,economy
21032566,Tips from a lazy chef,healthcare
9696679,Bloomberg's battle against fat went too far,crime_law
15099356,Anti-density protests in Vancouver rooted in hypocrisy,politics
27667676,"Taylor Swift says 'squad,' I say 'clique'",politics
9968038,"UFOs, Bigfoot and booze. This is National Geographic?",education
16397865,"Lena Dunham has a mind, and a body, of her own",technology
29152035,A steady hand on the tiller in Alberta's economic storm,economy
19584554,Edward Snowshoe's death exposed the reality of torture in Canada,crime_law
24701801,"We looked away, and the world got more dangerous",politics
25149957,Meech Lake was sunk. Its ideas live on,crime_law
10449569,Where have all the Europeans gone?,politics
29039885,Don't forget Hollywood comes to Canada for the money,economy
28518686,"The sad, sorry state of Montreal's Golden Square Mile",technology
18763587,Toronto the good time - who knew?,economy
7252958,"Canada and its first nations: a long line of false starts, slow progress",politics
26589948,A minimum amount of common sense on mandatory minimums,crime_law
21002764,Canada's messy way of going to war,crime_law
13769781,True democracy starts with the municipal,politics
13724965,Give democracy a chance in Egypt,religion
11876389,Polls suggest change is in the air for B.C.,politics
28403383,"On Energy East, Trudeau has to be both referee and leader",politics
16444429,Wedge politics are the PQ's best friend,politics
26625658,How to play the campaign endgame,politics
22038383,We now have medical-grade proof: Torture never works,healthcare
12846224,A German lesson in flood relief efficiency,immigration
26992873,Trudeau's next test: Make change a reality,politics
12701685,Navy should let veterans wear their uniforms without prior permission,technology
13402206,"Anthony Weiner, serial sext offender",politics
12745446,Canada's protection of violent predators is a travesty,crime_law
18900112,Harper shift on Supreme Court nomination process less than ideal,crime_law
24612732,"After Ramadi, Canada should question U.S. strategy to defeat IS",politics
9273890,These Israeli 'gatekeepers' aren't afraid to speak out,terrorism_security
10678137,North Korea's real tragedy: Nobody really wants to change the status quo,terrorism_security
29560293,Jeffrey Simpson: Still stuck on the health-care treadmill,healthcare
13669172,Tired of waiting for the throne,immigration
13513309,"A fourth player's fine, if the wireless game's played fairly",healthcare
11618013,Shouldn't a T-shirt cost more than a latte?,economy
19506781,Why won't MacKay release his legal advice on prostitution?,crime_law
24015150,Where's that $9-billion for Hydro One coming from - and where's it going?,politics
18944012,How the U.S. sparked a new era of cynicism and nationalism,politics
24577291,"The redeemer was named Babcock, and he would save the sacred game",sports
15397314,PQ's charter madness has a method,politics
7998247,"Statscan's been gazing at the poor for decades, so why not the rich?",economy
30130762,Ottawa's assisted-suicide legislation contains a fatal flaw,crime_law
13294602,Meet the man who tells Wynne's Liberals what they don't want to hear,economy
21372498,"Midterm battles: A Florida farce, courtesy of outside money",politics
29929515,100 years on: Why the Sykes-Picot pact is still hated in the Mideast,religion
18606842,Here's how to change Canada from a suburban to an urban nation,economy
24827588,Texting addicts drive me to distraction,crime_law
23570842,"That's the power of protest. Or at least, it is for now",terrorism_security
12135766,Should we sacrifice the environment or the economy? Neither,economy
11953755,New Humbertown mall would be a rebirth,politics
14387181,The Quebec charter is a wedge issue solely of the mind,politics
31271844,"Why the inquiry into missing, murdered indigenous women must engage all Canadians",crime_law
14425445,The trend to two-tier math teaching,education
8616435,"In order to live, Detroit may first have to die",economy
19552587,Edward Snowshoe's death should concern us all,crime_law
13043182,It's too early to give up on bike sharing,technology
15944796,Statscan's cuts have forced us to see Canada through a U.S. lens,education
11642057,The double standard of sports sexuality,sports
31459366,Well-intentioned animal rescue groups need intervention,crime_law
30019601,"If insects have consciousness, what then?",education
30507650,Russian Olympic ban is timely and well-deserved,sports
29388671,Why are companies competing with EI for workers?,economy
13585573,High expectations weigh heavily on Tim Hudak,politics
30390422,Canadian's arrest shows why we must press Iran on human rights,crime_law
24651286,Memo to the Senate: Don't delay the Reform Bill,politics
11076649,Clark's B.C. Liberals need a comeback for the ages,politics
9029037,Canada still has much to learn from None is Too Many,immigration
31460256,Wanted: Experts in defusing potential terrorists,terrorism_security
29149379,Could drones replace Canada's fighter jets?,politics
22003492,Competition 'theatre' won't solve U.S. price differences,immigration
8767543,The electric car is not the future; it's rail,other
21152267,Ottawa should allow the niqab at citizenship ceremonies,religion
29792929,"Lemonade from lemons: Beyonce's powerful, true gift",technology
26098342,A private affair with Ashley Madison,crime_law
23880848,Louise Arbour has it wrong,crime_law
15942224,Canada Post does not have a delivery for you,politics
28543410,'Not as bad as cigarettes is not a ringing endorsement',healthcare
26318917,Refugee crisis: Canada's opportunity for global leadership,immigration
27066673,"If we send soldiers to war, we owe them peace of mind",healthcare
19487645,"As anger rises in Israel-Palestine, 'collective punishment' must be avoided",terrorism_security
20749523,The Wheat Board: Free at last!,politics
24002101,"When anger votes, all bets are off",politics
7381014,Obama gets ready for hard road ahead with gun-control initiative,technology
31931797,Canada Post's 19th century monopoly doesn't fly in the 21st century,economy
14622511,Secular Charter case shows Supreme Court judges can be ideological - and wrong,crime_law
10664421,Ottawa's civil service school is teaching the wrong lessons,education
26587549,Anti-terrorism fight: Tough news from the fields of battle,religion
6937647,"India's conspiracy of silence exposed, one story at a time",crime_law
11692623,Mayor Ford's $1-billion for subways just isn't there,economy
29758745,Terrorist ransom: A lose-lose for any government,terrorism_security
28922048,Why Ontario's budget is a success that dare not speak its name,economy
13621420,Toward a more Brazilian Canada,economy
15570680,How I joined the paper revolution,environment
15503086,Rob Ford rages against the fading of his political light,terrorism_security
29575427,"Paul Ryan may not be running, but he's on the GOP track",politics
25004184,PEI's MacLauchlan has big tasks for a small island,politics
10320077,Plutocrats - the credibility of capitalism itself is at stake,economy
13566739,A pipeline the PQ should learn to like,environment
6838514,Polarized U.S. Congress falls off the credibility cliff,politics
29152598,"In 2016, torture is on the ballot. That's horrific",crime_law
11251554,"Two years in the making, an unpredictable B.C. election campaign is set to officially begin",politics
8220322,B.C. voters accentuate the negatives in poll of Premier's image,politics
25504736,Provinces can't go it alone in setting national policies,politics
22532896,There will be no quick end to Canada's mission against IS,politics
18042235,Putinismo has more admirers than you'd think,crime_law
17133298,If Canadian citizenship becomes more 'exclusive' it must be more meaningful,social_issues
29154654,Facebook feminists: The next frontier for millennials is an equal online space,technology
28136132,Bombardier and the politics of handouts,politics
22130056,"In the charity world, cash is the new goat",economy
16289104,"A look into B.C.'s history of racism, and its pursuit of a white man's province",social_issues
15807273,Keystone XL supporters can't win environmental or economic debate,environment
14752735,Gas plants and unseemly haste,politics
31265899,How to judge who's the right Supreme Court judge,crime_law
25083010,Removing a flag is good. Changing old attitudes is better,social_issues
21993622,Science shouldn't be all business,technology
11951848,"Angus Reid: Polling isn't broken, but BC shows change is needed",politics
11532796,Syria is a Mediterranean Somalia. Will we make the same mistakes?,technology
10819927,The Liberals must find their sweet spot,politics
9292728,"The apology: Humbling, genuine, but most of all too late",politics
18386965,Budget diagnosis: Ontario's addiction to debt now a chronic condition,economy
26055013,Want to fix a broken U.S. election system? Copy Canada,politics
30084698,Giving Ontario political parties a public subsidy is galling and wrong,politics
7408513,"The war's in Mali, but the danger is international",terrorism_security
15030116,"Supersized, unparliamentary budget bills",economy
10530326,Canadians must dig deeper to keep our corpses safe,politics
24747111,Battling Russia's propaganda machine,terrorism_security
21736287,Canada's unheard aboriginal narrative,social_issues
12745230,"What retirement crisis? Share the risk, bridge the gap",economy
14678810,France's 'beautiful notion' of secularism is not a model for Quebec,social_issues
10583794,Rob Ford can glance across the pond for lessons in media relations,politics
12659392,"Once again, B.C. NDP faces an identity crisis",politics
23278600,Grading Netanyahu's speech: Mostly poor marks,politics
30829216,How 'intervention chill' is driving Western foreign policy,immigration
13338440,Quebeckers will be watching Catalonia,politics
27954712,"A claimed caliphate, in name only",religion
20239059,An inquiry means legitimacy,politics
28844556,"Babies need their mothers, even when mom's in jail",crime_law
11999471,Why Canada should back Antarctica North,politics
26637186,The Uber disruption continues in Toronto. Good,technology
22288588,Why do we find the equation of man and ape so offensive?,crime_law
20140668,"In Lac-Megantic, our regulators failed us in three crucial ways",economy
20737149,New Brunswick's election has a message for national leaders,politics
10275691,Question of party co-operation reveals divisions of the left,politics
9790536,Will Quebec stray from its 'virtuous' energy path?,economy
22730502,"With the target blurry in our sights, we fight terror with politics",politics
19113791,Sex-work bill defies logic,crime_law
27866668,We can design our descendants. But should we?,technology
14870529,No new tricks - this old dog learns Throne Speech themes,economy
29945224,What does signing the UN Declaration on Indigenous Peoples mean?,politics
22750488,CSIS oversight is alive and well,terrorism_security
14018608,Ignore the Luddites: computers won't take our jobs away,technology
29499550,How Canada can champion reforms at the United Nations,terrorism_security
13130626,How Canada's complex visa application deters would-be travellers,immigration
13566597,Restoring the Senate's legitimacy,politics
12081808,"In Peru, Harper finally gets a shot at his long-desired foreign policy",politics
29763709,"Finding your way in France, a country where polite conversation rules",education
9789563,Heed the lessons of Iraq,crime_law
29574947,Opioids: A national crisis needs a federal response,healthcare
13330362,Not-so-family-friendly dining in Whistler Village,healthcare
29669144,"Just say non, merci, to Winter Games in Quebec City",sports
16240248,What Ontario Liberals' southwestern slump portends for a coming election,politics
15804000,Bill C-13 is about a lot more than cyberbullying,technology
23410994,"Well done, Taber, Alta., for enforcing decorum",crime_law
32738251,Dear new President: A letter to the White House's next tenant,politics
13670373,"With Energy East, the provinces define national interest",environment
15085097,First Nations aren't swayed by vague promises,economy
21353455,Why competent city government matters,environment
26962821,Is this the end of hostilities between the federal and Alberta government?,politics
11717795,Ontario Tories ready for an election that may never come,politics
14893506,"Middle-class angst, bottom-rung vision",economy
30798246,How GOP voters can dump Trump - and still win,politics
32539250,The Walloon that roared,politics
9475110,"Free speech was for Chavez, not the media",crime_law
18641824,The PQ meltdown is near-complete,politics
11395103,Challenging traditional military culture,education
26533377,Clinton's Keystone decision reminds us that we are the ones at fault,politics
26061509,It's time to put an end to Alberta's energy waste,environment
28760956,A dignified death for dementia patients: Who makes that call?,healthcare
24625305,Online anonymity is too precious to give up,technology
19526054,One small step toward justice for Omar Khadr,crime_law
10959307,Oil pipelines and the messy democratic process,technology
10507009,From accelerator to brake on health spending,economy
32658198,Appointing independent senators: Leave the skepticism behind,politics
14692783,Enough labouring over the nation's wombs,politics
12294236,Youth unemployment is a global crisis,education
29698228,"With pot legalization coming, what happens in the meantime?",crime_law
30525896,"If Canada expects NATO to do more on global security, we must do more for NATO",terrorism_security
20967781,Quebec eyes its public-sector mammoth,education
18208720,Containing Russia should not mean bringing NATO to the Arctic,immigration
12894629,"Women's rights, from Spam Imam to Afghanistan",religion
20966761,"Canada, UAE stand together against extremism",terrorism_security
19653109,Can't find a psychiatrist? Here's why,healthcare
13013931,How Egypt's military coup could strengthen the Muslim Brotherhood,religion
8968473,True innovation doesn't flow from a pipeline,economy
27866090,Neither rhyme nor reason to Ontario's beer sales 'shakeup',healthcare
23854578,Five reasons to stop obsessing about balanced budget,economy
25404802,Canada has a National Log Policy?,economy
20524511,"The selfie, the Apple Watch and the rise of self-regard",technology
16812006,Jim Flaherty's public finance on autopilot,economy
25418417,How Ottawa created the 'wild west' of medical marijuana,healthcare
10809763,"'Cosmic justice' for the Metis, but then what?",crime_law
29299394,"When is violence random, and when is it terrorism?",terrorism_security
14531691,The prorogation of the wireless opposition,politics
7975778,Let's work together to prevent crimes of 'honour',terrorism_security
20707340,North-South Institute: We've lost a Canadian asset,politics
13608880,Is inequality a problem worth fixing?,education
8466800,Can the influx of women change Canadian politics?,politics
24813670,Tory bill raises too many barriers for expat Canadian voters,politics
27688143,A Hollywood reminder of tough - and scarce - journalism,religion
30171046,Canada's health-care system favours the cradle and ignores the grave,healthcare
20893907,Enbridge could use a Gateway Plan B,technology
13216412,Zimmerman verdict puts heat back on U.S. race debate,social_issues
10316862,A visionary reinvention of the two-state solution,immigration
29534098,Why Ottawa must stop evading the tax gap,economy
25805885,"Women need access, not finger wagging",healthcare
14720012,The Royal Proclamation and the way forward for First Nations,politics
27376604,"Jeffrey Simpson: Europe caught between noble instincts, harsh realities",immigration
13476291,The path leading to middle-class prosperity,economy
8472432,"Snow, streetcars and street parking: A perennial recipe for traffic chaos",crime_law
28696488,"Ottawa should remind people that legal pot will mean more law, not less",crime_law
21734253,There's no excusing how we've treated thalidomide victims,technology
23986697,Four things Ontario's cap-and-trade plan must get right,environment
12443000,Pipeline is now on Clark's terms,politics
26217365,Time to turn down the heat in Manitoba,technology
12293817,"Prosperous, self-reliant First Nations are in everyone's interest",healthcare
22889921,The Supreme Court has changed the way I talk to my patients about death,healthcare
8711720,Native families deserve full hearing into missing and murdered women,crime_law
22883240,Mr. Harper has to call Egypt - before it's too late,politics
17711151,Is our aid being wasted on 'fragile states'?,terrorism_security
28329237,Five steps to control megaproject costs,technology
31351110,"For refugees, Australia rolls out the 'Not Welcome' mat",immigration
28328932,"Rising prices: Valuing what we need, and what we want",economy
12525496,"Across the table, a frosty Danielle Smith",politics
28858282,Putin and Assad are looking like a Syrian ceasefire's winners,terrorism_security
29809710,"Canada, and the world, should stand up to end hospital attacks",healthcare
21485683,Obama is still alive and living in Washington,technology
20374186,Bills promote backbenchers from 'nobodies' to 'pawns',crime_law
18060537,Failure is no longer an option in First Nations' education,education
10019010,"This budget will keep Ottawa safe, dump on the provinces",economy
27637456,"No, question period did not just magically turn into answer period",politics
32572124,Mr. Trudeau prefers who he prefers in the Senate,politics
11584071,Adrian Dix's opposition to Kinder Morgan and the Liberals' hopes,politics
10953744,Temporary foreign workers are a temporary fix,education
25537008,"Ignore the naysayers, and join the Pan Am festivities",sports
19673122,What Hamas and Israel hope to achieve in Gaza,terrorism_security
14706395,Why Ottawa's right to procrastinate on the values charter,religion
9560298,"When Mr. Casino comes a-courtin,' it's all kisses and sweet nothings",economy
10315174,Panda diplomacy doesn't hide China's dire conservation record,politics
28964162,"In assisted dying, remember this: We all are fragile",healthcare
9565267,The Liberals' ugly fight with Ontario teachers a qualified success,education
11746693,"This morning's census, dimmed by Ottawa, shows the need for good data",healthcare
29117972,"Maria Sharapova, and how athletes exploit pharmaceutical grey zones",technology
7599448,Don't forget Canada's urban aboriginals. They're not just passing through,education
11142650,Thomas D'Arcy McGee - the man who saw beyond Confederation,politics
14663164,Alberta's political evolution opens doors on the left,politics
25633246,"Ontario court ruling on expats forgets that voting is a right, not a privilege",crime_law
16560322,Guess who isn't coming to dinner? (Answer: Rob Ford),crime_law
30119960,Indigenous children bear brunt of poverty,healthcare
27376493,"Resetting the Doomsday Clock: counting climate, nuclear risks",environment
15547506,B.C. will be lesser for laissez-faire learning,education
12869793,Another very Australian coup,politics
29700278,Think LAVs are thorny? Wait for the missile debate,politics
15148652,"Subways for riders, not voters",economy
14654368,I've been in Egypt's prisons. Only strong government action saved me,crime_law
27759105,The truth is there. But reconciliation is deeply complicated,education
17357955,Hillary Clinton is hardly kicking back,politics
29725729,Obama and Carney not keen on Brexit,politics
30495936,The Senate should back down on assisted-death amendment,crime_law
21311824,New security laws have to strike the right balance,terrorism_security
12319048,Canada needs more wireless competition,politics
30253603,Dark days for Dwight Ball,economy
30219145,The need to move quickly on medically assisted dying is real,healthcare
29764432,Time to get First Nations beyond a chronic state of emergency,technology
12109648,Third down and long for Toronto Mayor Rob Ford,education
29944680,It's beyond time for a clear policy on paying donors for plasma,healthcare
25761746,"Why electricity utilities need regulation (hello, Ontario)",religion
26549924,Changing the temporary mindset of refugees,immigration
23820366,The Rolling Stone rape scandal: When subjects come before readers,education
19306192,Was B.C.'s push for better primary health care a $1-billion bust?,healthcare
21885896,Peladeau ignores the rules of politics,politics
15167598,How Obama became a 'bystander' president,healthcare
7903921,Wynne's challenge: Offer Ontario a genuine menu of change,politics
24925589,Four steps to deal with the Senate crisis,politics
17415426,"Fair Elections Act: Slow it down, Mr. Poilievre (2)",politics
15269957,You can't slight city hall,politics
13461404,"Flooded High River should be rebuilt, not relocated",education
13293421,"Seeking savings, Ottawa takes short-sighted view on refugees' health care",immigration
8753808,Camelot on the Rideau? Don't wait for it,politics
20077746,How does the PM intend to play the China card?,politics
12460723,"Youth soccer needs a debate on brain safety, not on turbans",sports
13539936,Ontario by-elections should induce Liberals to present a fresh option,politics
11509268,A backbencher's right to be heard,politics
27083382,A faint gleam of hope in the Syrian civil war,religion
8148723,Black cowboys rare? That's just a Hollywood whiteout,social_issues
7656847,Why has Canada given up on justice in Syria?,terrorism_security
28467086,How India's caste system pushed a Dalit man to choose death,education
30830606,"Canada Pension Plan: Modestly bigger, modestly better",politics
21152482,Stacking the odds against First Nations families,social_issues
28517968,Jeffrey Simpson: What Iowa can and can't tell us,other
20898792,Ontario points the way with ranked ballots experiment,politics
32539128,Our national security needs a global perspective,terrorism_security
31046458,How to select a Supreme Court judge,crime_law
8276200,"Quebec, meet your neighbour Ontario",economy
13875492,"In Egypt, 'deep state' vs. 'Brotherhoodization'",religion
6994118,It's not arbitrary to be tough on guns,crime_law
28820375,Why Canada should foster a 'second-chance' society,education
13359558,"As America unwinds, Canada rewinds",immigration
13556286,Canada's failing grade on disability rights,social_issues
27549551,A MMIW inquiry must examine the child-welfare system,social_issues
27438101,Trudeau's first task on the climate file: Fence mending,environment
10254960,Bystander guilt: How do we ensure our kids have the courage to act?,education
21255152,Canada must be careful when trading liberties for security,terrorism_security
17442589,We need to sell Canadians on South Korea,economy
12651824,The justice system needs to confront Canada's cultural acceptance of assault in hockey,sports
32350028,Jokerman: The perverse genius of Bob Dylan,immigration
29560042,Why rock 'n' roll is the music of dictatorships,crime_law
30359054,Euro 2016: A red card for Les Bleus,terrorism_security
26048672,The battle to make gender boring again,social_issues
15779530,Why are we still debating kidvertising? Ban it. Now,crime_law
12681850,"During an ugly partisan session, rays of hope for our Parliament",politics
8838178,McGuintyism without the Dalton,economy
16826301,Election Canada's role in educating kids is vital to our democracy,politics
25142424,"Who speaks for Canada, spies or diplomats?",politics
9552756,"In Britain, Cameronism is at an impasse",politics
23453387,We all should worry about cellphone searches,crime_law
14460642,A wounded leopard: Why Somalia's al-Shabab attacked a Nairobi mall,terrorism_security
13583671,Knock down the barriers to foreign mobile ownership,politics
11716453,Cannibalism and America: The right to eat arms,education
12271783,"Work together, Canada, to clean up energy MESS",environment
6928508,Unshackle government scientists and let them do their jobs,politics
13208564,"The Taliban wanted Malala's silence, but gave her a megaphone",education
13205779,Like a rolling Snowden: no direction home,immigration
25016803,Pope Francis's guide to caring for our home in the universe,religion
25142542,"Taxes, tampons and Canada's fiscal future",economy
11685970,Sociology does pay off,education
12375210,Fear of stoking gun-registry debate haunts Arms Trade Treaty,politics
18021265,Are the Liberals Quebec's 'natural governing party'?,politics
12894193,Why do we support gay rights? Because we know each other,social_issues
32480941,Drugged driving: Shaky science and uncertain laws,crime_law
26883437,"Trudeau's to-do list? Huge, democratic reform at all levels",politics
24733043,Medicare has a mental-illness gap. It's time to close it,healthcare
27198587,Remembrance Day a chance for Ottawa to start over with veterans,politics
10315192,"Purity in politics remains elusive, a century after Borden",politics
21592166,"On World Toilet Day, no relief in sight",social_issues
21251940,Don't let the seat of government become a fortress,terrorism_security
13329579,"If not receiving God's word, try unplugging it and plugging it back in",religion
17031390,Five big things are at stake in Ukraine's insurrectionary drama,politics
11672810,Ontario Premier Wynne's fiscal plan is about political survival,economy
17597290,Learn from the Redford resignation: Don't neglect the caucus,politics
33054112,Super Hornets join the Royal Canadian Air Farce,politics
31403214,A mother's plea: Canada must combat child abduction,politics
12898171,"A balanced B.C. budget, yes - but growing debt, too",economy
14848521,Tanker hazards could throw wrench into pipeline debate,politics
8800696,Of course Americans are linking pipelines to ecology. It's the way of the future,environment
8274035,The West gave torture a helping hand,crime_law
27285873,"Even after Paris - especially after Paris: Bringing refugees to Canada must be done well, not fast",immigration
14076905,Warship collision shows not everything's shipshape with Canada's military,other
8654696,Ford owes it to city to be clearer about his movements,technology
28091316,"Jargon is so handy, if you know what it means",environment
15857467,"Stupidity, but not sexism, on Parliament Hill",politics
8985005,Court wrong to allow police to look into cellphone without warrant,crime_law
25761652,NATO should beware Mr. Erdogan's Kurdish intentions,politics
12286142,"Forget diplomacy: With Iran, pressure works",religion
13423452,EU trade talks: Quitting is not an option,economy
15519596,"Missing in action: Barack Obama, the cool man of competence",healthcare
17790401,"Far from protecting women, a secular charter would increase discrimination",religion
27165050,"As we remember, let's think about doing more for Canada's veterans",religion
24703989,Rome's reality check and Ireland's message on same-sex marriage,religion
11807867,Late Liberal surge lifting Clark in eyes of party insiders,politics
22375454,Abbas's latest legal move reframes the conflict with Israel,crime_law
21661697,"For the GOP, Keystone is a weapon - and Obama is the target",politics
21113615,Parliamentary delinquency on assisted suicide,crime_law
15305463,It's business unusual at Toronto City Hall,technology
18726629,Canada and the AFN both have a duty to consult,technology
9968236,"Britain faces a triple whammy of debt, EU and Scots",economy
13193789,John Kerry: supporting actor in a desert serial,terrorism_security
7886057,Edward Keenan on Some Great Idea: 'I still think Rob Ford has good intentions',social_issues
29827836,"So long, PKP. You were federalism's best friend",politics
29482018,How is the Liberal government using Bill C-51? Good question,terrorism_security
8982937,"In 1812, black Canadians fought for their freedom",healthcare
8384956,Our military should be responsible to Parliament - but nobody's watching,politics
11687214,"As Russian journalists, our lives are black comedy and dark tragedy",politics
13200495,Innovation's vastly cheaper than green subsidies,environment
10758327,"B.C.'s HST: Smart tax, botched introduction",politics
28700302,"To feel the Bern, look to Vermont",politics
12965706,The genius of the 3-D handgun,technology
12758327,Wynne borrows - and distances herself - from predecessor's energy strategy,politics
20502399,"In Iraq, inaction is not the best option",politics
23273276,Is Canada undermining the Arctic Council?,economy
13825711,Why democracy fell short in the Middle East,religion
24236607,Military leaders must move fast to address 'sexualized culture',social_issues
19012126,Seattle's minimum-wage gains may prove minimal,economy
11846762,Has Israel's religious right become an unlikely partner in Mideast peace?,politics
9174166,The costs of double-bunking,crime_law
12255959,Harper can't seem to close the big deals,politics
18592759,Why are Canadian prices so high?,economy
16847501,"On Valentine's Day, forget the roses and read the signals",education
21428718,Brittany Maynard's right-to-die message,crime_law
24519730,Ireland's huge step toward healing,religion
26374001,"Are police allowed to write on you? In invisible ink? No, seriously",crime_law
6994963,Will Venezuela's 'Chavismo' survive Chavez?,politics
18206406,Has the Supreme Court made Harper an accidental reformer?,crime_law
23628796,Voluntary GMO labelling is not enough,technology
15657533,Fear the military with a timetable of its own,economy
19056727,Canada in wartime: Half-sure yet whole-hearted,technology
8767086,Toronto's finally talking transportation,economy
16068902,Ruling goes beyond sex work: The state cannot outlaw self-defense,crime_law
16794231,"Public-sector wages a problem at the bottom, not the top",economy
16745742,Urban workers need more pay,education
8412628,Canada's immigration peak is worth marking,immigration
17332392,China's leadership entrenches - this cannot bode well,economy
29973937,Fort Mac's teachers remind us that heroes are found in the classroom,education
25083379,The threat of the PAC mentality,politics
16760009,"Unvarnished truth isn't dead, it's just having an exam",politics
30561897,"Jeffrey Simpson: Will a long, loveless marriage end with Brexit?",politics
16190037,The high cost of low food prices,economy
14174959,A discomfiting light to shine on Aquilini family,crime_law
23207117,Harper government looks to tax break to gas up B.C. LNG,politics
18594937,"Farley Mowat said what he meant, and loudly",crime_law
13629147,"U.S., Britain must show moral leadership on Internet privacy",technology
21589681,The thrill of landing on a comet: Philae has its moment,technology
20720227,How we build a new relationship with Ontario's First Nations,education
11777658,McGuinty's testimony shows him at his best and worst,politics
10160796,Ending CIDA's independence can only make our foreign policy more coherent,politics
9274921,Culture clash: Are the machines winning?,technology
14710956,Ottawa's cannabinoid conundrums,healthcare
25235930,"Greater Vancouver says 'no,' and the gridlock continues",technology
12108450,Anti-austerity: Keynes never met the euro zone,economy
29005310,A tax on sugary drinks? There's no magic bullet for reducing obesity,economy
17673557,Enough already with the Vancouver port strike,economy
10248075,Paul Godfrey's wheeling and dealing not enchanting Premier Wynne,technology
8132583,"Vancouver city council, let's get real on food",technology
28004717,PTSD: The arc of justice bends toward first responders,crime_law
28820464,First Nations students need more than policy advice,education
23151152,"Men, elections, porn, the Super Bowl: The lasting effects of testosterone",politics
16657533,Time is running out for Jumbo Glacier Resort,economy
13584795,The evolution of Benjamin Netanyahu,politics
13329728,Rolling Stone gives Dzhokhar Tsarnaev a patina of glamour,terrorism_security
12652866,Talking with the Taliban,terrorism_security
25671450,U.S. presidential race filled with insiders claiming to be outsiders,politics
15743530,"In Montreal, it's bridge over. Troubled waters",politics
14171612,Reassessing Canada's aid to Haiti,economy
14153876,Free-wheeling Murray threatens to send Liberals' transit vision off the rails,politics
7256590,Assault weapons ban cries out for Obama's leadership,education
11876226,B.C. film industry takes action during election campaign,politics
25806219,LNG shipping has an enviable safety record,environment
25208520,Holiday's over. Back to the grind,politics
12488485,"With election averted, Wynne has managed to turn the ship around",politics
24827422,"Truth and Reconciliation (2): First apologize, then act",education
7564320,How Harinder Takhar has made himself a player in the Ontario Liberal race,politics
8417641,Let the great patriotic rebranding begin: Canadians are a hot people,technology
27037126,Alberta's new plan comes with many challenges,economy
26504012,The French-language debate: Mulcair is in the crosshairs,politics
21049131,It's time to get serious about improving Canada's colleges and universities,education
23232685,"Westminster, archaic but accessible",politics
11580291,"To fix the folly of BC Place Stadium, here are some modest proposals",economy
23339836,Judges should be overseeing solitary confinement,crime_law
27501626,Lessons for Canada from down under,environment
13777007,High turnover rate reflects nature of working in PMO,politics
9479569,The NDP fell for the Bloc's bait,politics
17504852,"Mother Canada, big but not beautiful",politics
15001409,The mystery of the missing skills shortage,immigration
15481225,Mini battles test Liberal commitment to fighting provincial deficit,economy
13584216,Canadians are not oversensitive!,politics
23669759,"In India, exam cheating is just a symptom",education
22139781,Quebec's fiscal party is over,economy
17414167,Swiss quotas threaten the best of the European project,politics
12735079,Take news of cancer 'breakthrough' with a big grain of salt,healthcare
14405637,"Liberal attack ads did their job on Dix, and more",politics
9278669,B.C. Liberals botch the politics of ethnic outreach,politics
14269279,Pragmatism trumps posturing as Wynne backtracks on fall election,politics
13371640,Welcome to the new heir to the throne,economy
27934287,The year ahead: What are the odds of that happening in 2016?,politics
27484535,The Charbonneau lesson: Public contracts are always a criminal opportunity,technology
16638724,"If the minimum wage rises, will the sky fall?",economy
23894784,U.K. election turns to trash-talking. Pity,politics
16124606,An aging population: our senior moment,healthcare
17513257,How a PQ majority could shake NDP's hold on Quebec,politics
11869851,The downsides of U.S. energy independence,terrorism_security
27231062,Alberta's fentanyl response is tragic. The solution is simple,healthcare
28931234,Rules of war fall victim to hospital bombings,healthcare
7545324,Zero Dark Thirty's crucial lesson on torture,technology
26167297,"Court has ruled on assisted death, but Canada is not prepared",healthcare
22176005,The Arab world's vanishing Christians,religion
22728620,"Red, yellow lights for security measures",terrorism_security
15319419,Ontario's growing problem,economy
14690412,"Brian Burke: To Russia, with pride",crime_law
13407165,Premiers need to ask themselves if they want truly national health care,healthcare
12258888,Dr. Morgentaler and me: An actor remembers,healthcare
10807121,Don't fret for the oil sands. We can afford new rules,environment
15148358,On a local slant to stealth protectionism,other
8785281,Sierra Club Canada wonders: Is it time to break the law?,crime_law
15987729,Why East Asia can't escape the sins of the father,politics
14033082,"Ontario Tories, Liberals are poised to pass over a new chance to co-operate",politics
9135422,Judge's tough minor-hockey call requires our thanks,sports
23826163,The Iran deal has two kinds of critics,education
18815344,Inactive kids? The solution is child's play,education
16071247,Joy to the world: It's my birthday,education
13696054,The (Russian) Arctic is open for business,politics
21422523,The corporate ladder and the workplace closet,technology
26853693,Eastern red tide could be the driving current in national vote,politics
32933652,Caring for the animals who work for us,education
16566977,"In L'Isle-Verte, no anger - only sorrow",immigration
15258988,Clark may have reason to regret her transit referendum,politics
29119631,Tracking women in the media: A survey I wish was obsolete,technology
25805515,Was Cecil the lion's death business as usual?,crime_law
17025424,"On the Maidan, the birth of a real Ukrainian civil society",crime_law
14310243,Ontario should get its own House in order when it comes to diversity,religion
12023530,Vancouver theatre faces a real tragedy,religion
11798445,"All urgency, no action on Syria",politics
8313425,"Radwanski: Wynne taking a fresh, if familiar, leadership style in Premier's office",politics
14263909,Marois's Charter of Values is more about electoral politics than sovereignty,politics
20588364,Memo from the NHL: Two minutes for being exciting,sports
18024195,Why the U.S. must cut Afghanistan loose,terrorism_security
28543808,"On residential school claims, Ottawa must pay what is owed",education
28192370,China ought to learn from Taiwan how to become a democracy,politics
17481308,Ukraine's legacy of serial oligopoly,economy
10975237,Canada's rendezvous with the Metis,crime_law
29985347,Physician-assisted dying: Why we will continue Hanne Schafer's fight,crime_law
25486730,Respecting the needs and wants of the elderly and the frail,healthcare
13751652,A very French national emergency,technology
8631978,"Disarming North Korea will take a firm, steady hand",politics
12108406,Space's final frontier? Recovery,healthcare
16242723,How to weather the cold with spiritual discipline,religion
30993244,Table for 13 in Whitehorse,healthcare
26931880,Not every professor's remark is 'academic',education
12869789,Is Big IT still on the side of the angels?,terrorism_security
8990560,Public editor: Why covering good news is so challenging,politics
30429316,Sport belongs at the core of Canada's story,sports
13440965,Aaron Yoon may have much to say about jihadism,terrorism_security
25944304,There's still life in the Bloc,politics
30339754,The door to reconciliation is truly open,education
32464022,"Back to the land, as indigenous owners",economy
21413665,Information is power for First Nations,economy
15472482,B.C. NDP is a lost party struggling to find its identity,politics
9847157,The long-struggling Vancouver Maritime Museum charts a new course,economy
7903535,B.C.'s strategy to cut down blockades,healthcare
9583262,Salmon-health dialogue shows why research transparency is a welcome approach,healthcare
9539724,"Will U.S., Canadian health spending converge?",healthcare
18378123,"Ontario's budget, prelude to a provincial election",economy
11173614,Canada's place in a winner-take-all economy,technology
14712141,Province tells transit riders where to get off,politics
16908301,Post-peacekeeping in the Central African Republic,terrorism_security
7130425,The post-Chavez era has already begun,politics
28250602,Lessons from the Japanese Canadian internments: Policies built on fear won't make us safer,terrorism_security
7549622,Why Dear Abby author's modern voice will be missed,technology
17968687,"Old tribe, new members, in Newfoundland",technology
13960797,B.C. Greens' new MLA can change landscape of progressive politics,politics
13825824,"Elon Musk, we need your help",economy
8365934,How backyard rinks can change the world,environment
22729587,A successful day means aboriginal opportunity,education
17010222,The prison state known as North Korea,crime_law
16530133,Put it to a vote in Ukraine,politics
32221846,Can Colombia achieve both peace and justice?,crime_law
13803789,Senate audit costs - and other letters to the editor,politics
14709711,The 21st century's worst refugee crisis,immigration
15892875,Nutrition 101: They failed lunch,education
13316865,What sent Shoppers and Loblaw down the aisle? Wal-Mart,education
27411862,The Beer Mile: Canada's national extreme sport?,sports
26133386,Pierre Karl Peladeau's double vision,politics
12870593,Mark Carney's gender-equality dilemma,social_issues
29625215,Money & politics (4): It's business as usual in Saskatchewan,politics
24630345,Richmond retreats from a proposal to limit Chinese-language signs,social_issues
13836147,Seniors' healthcare should be a federal priority,healthcare
25610382,"We can end AIDS, so let's do it",healthcare
15480821,TransCanada pipeline goes out of its way for grizzlies,economy
11797008,Babies deserve better than Canada's lamentable screening record,healthcare
15198072,The war in Syria grinds on,immigration
14841459,Five amazing places to eat and drink in Toronto's Kensington Market,other
15467361,Public editor: Why the media keep pushing for the facts on Rob Ford,crime_law
12109564,Mark Carney's tribute to Canada,economy
13852260,Egypt should remember Sadat,religion
18676236,"With Modi poised for victory, can Indians expect an economic miracle?",politics
17415378,The West's struggle to ship an outsized bumper crop,economy
12365720,Honouring a journalist who stood up to a dictatorship,sports
13583048,"We hadn't really gone anywhere, but it was still a trip",economy
11730734,Let's not derail this $34-billion transit plan for the Toronto area,politics
9563550,Kids navigating Vancouver need to know who the bogeyman is these days,crime_law
19320650,"Hong Kong to Beijing: More democracy, please",politics
6970510,Cafe Trendy: An in-vogue restaurant too good to be true,technology
