topic_1,topic_2,mean_topic_1,mean_topic_2,mean_difference,u_statistic,p_value,p_value_adjusted,significant,cohens_d,effect_size
"Taxes, Pensions & Public Finances",Race & Racism Discourse (White/Black),1.1466666666666667,1.896551724137931,-0.7498850574712643,1292.0,1.195807755498543e-14,1.292668183693925e-11,True,-1.607340987121519,Large
"Taxes, Pensions & Public Finances",Religion (Islam/Christianity) & Church Issues,1.1466666666666667,1.5858585858585859,-0.43919191919191913,6708.0,2.873619464973309e-14,3.106382641636147e-11,True,-0.8913204738735647,Large
"Voting, Elections, Polls & Referendums",Race & Racism Discourse (White/Black),1.1046511627906976,1.896551724137931,-0.7919005613472334,456.5,2.8518812634960357e-11,3.082883645839215e-08,True,-1.764981763564327,Large
Race & Racism Discourse (White/Black),Climate Change & CO2 Debate,1.896551724137931,1.1111111111111112,0.7854406130268199,1912.5,1.1364566558900224e-10,1.2285096450171143e-07,True,1.7136072211205695,Large
"Taxes, Pensions & Public Finances",Insults / Ad Hominem Flame Replies,1.1466666666666667,2.066666666666667,-0.9200000000000002,626.0,1.999250461193166e-10,2.1611897485498123e-07,True,-1.9856110789864507,Large
Race & Racism Discourse (White/Black),"Oil, Pipelines & Alberta Energy Industry",1.896551724137931,1.0952380952380953,0.8013136288998357,1502.5,3.2438951832992626e-10,3.506650693146503e-07,True,1.616399221281618,Large
"Voting, Elections, Polls & Referendums",Religion (Islam/Christianity) & Church Issues,1.1046511627906976,1.5858585858585859,-0.4812074230678882,2444.0,1.1271720242718767e-09,1.2184729582378987e-06,True,-0.9589797644381395,Large
Religion (Islam/Christianity) & Church Issues,Climate Change & CO2 Debate,1.5858585858585859,1.1111111111111112,0.4747474747474747,5692.5,4.5569721426039524e-09,4.926086886154873e-06,True,0.9336807482358673,Large
Race & Racism Discourse (White/Black),"Police, Guns & Crime",1.896551724137931,1.2136752136752136,0.6828765104627175,2633.0,4.989828385146834e-09,5.394004484343728e-06,True,1.203674267081128,Large
"Taxes, Pensions & Public Finances",Israel–Palestine / Middle East Politics,1.1466666666666667,1.5185185185185186,-0.3718518518518519,3942.5,5.218938010288151e-09,5.641671989121491e-06,True,-0.8013746898947133,Large
Race & Racism Discourse (White/Black),"Cities, Transit & Urban Development",1.896551724137931,1.1290322580645162,0.7675194660734148,1452.5,5.4435013827484e-09,5.884424994751021e-06,True,1.488678521204115,Large
"Voting, Elections, Polls & Referendums",Insults / Ad Hominem Flame Replies,1.1046511627906976,2.066666666666667,-0.9620155038759692,221.5,5.568875452863782e-09,6.019954364545748e-06,True,-2.196445060673086,Large
Race & Racism Discourse (White/Black),"Education: Teachers, Schools & Kids",1.896551724137931,1.1910112359550562,0.7055404881828748,2028.0,7.868800576979636e-09,8.506173423714987e-06,True,1.258771983311815,Large
Race & Racism Discourse (White/Black),Canada Identity / Provinces / General National Talk,1.896551724137931,1.2222222222222223,0.6743295019157087,1652.0,8.856333555553081e-09,9.573696573552882e-06,True,0.9382843036844614,Large
Religion (Islam/Christianity) & Church Issues,"Oil, Pipelines & Alberta Energy Industry",1.5858585858585859,1.0952380952380953,0.4906204906204905,4496.0,1.4393745371056353e-08,1.5559638746111916e-05,True,0.920544081618324,Large
"Oil, Pipelines & Alberta Energy Industry",Insults / Ad Hominem Flame Replies,1.0952380952380953,2.066666666666667,-0.9714285714285715,158.5,1.6067213689465062e-08,1.736865799831173e-05,True,-1.9763269986147203,Large
Climate Change & CO2 Debate,Insults / Ad Hominem Flame Replies,1.1111111111111112,2.066666666666667,-0.9555555555555557,211.5,1.6208633006949798e-08,1.752153228051273e-05,True,-2.1291503395703266,Large
"Taxes, Pensions & Public Finances",US Politics (Trump/Clinton/Obama),1.1466666666666667,1.5666666666666667,-0.41999999999999993,4620.5,3.594310444578267e-08,3.885449590589107e-05,True,-0.8275583078435752,Large
Religion (Islam/Christianity) & Church Issues,"Police, Guns & Crime",1.5858585858585859,1.2136752136752136,0.3721833721833723,7789.0,1.1847332348908709e-07,0.00012806966269170316,True,0.6522513887917015,Medium
"Taxes, Pensions & Public Finances",Fascism/Nazism/Confederate Symbols,1.1466666666666667,1.5625,-0.4158333333333333,2253.0,1.6550229710547287e-07,0.00017890798317101618,True,-0.9205377655010781,Large
Race & Racism Discourse (White/Black),Praise/Feedback on Posts and Columns,1.896551724137931,1.15,0.7465517241379311,940.5,1.8582690453574366e-07,0.0002008788838031389,True,1.1591929340729312,Large
Religion (Islam/Christianity) & Church Issues,"Cities, Transit & Urban Development",1.5858585858585859,1.1290322580645162,0.4568263277940696,4326.5,2.192802121884896e-07,0.00023704190937575724,True,0.8403427669137874,Large
Canada Identity / Provinces / General National Talk,Religion (Islam/Christianity) & Church Issues,1.2222222222222223,1.5858585858585859,-0.36363636363636354,2180.0,2.296595586455988e-07,0.0002482619828958923,True,-0.5478171100380232,Medium
"Cities, Transit & Urban Development",Insults / Ad Hominem Flame Replies,1.1290322580645162,2.066666666666667,-0.9376344086021506,167.5,2.3022094190698486e-07,0.00024886883820145065,True,-1.8202284452683841,Large
"Healthcare System: Doctors, Hospitals & Patients",Race & Racism Discourse (White/Black),1.196969696969697,1.896551724137931,-0.699582027168234,424.0,2.514188046954586e-07,0.0002717837278757907,True,-1.2952775310598632,Large
Religion (Islam/Christianity) & Church Issues,"Education: Teachers, Schools & Kids",1.5858585858585859,1.1910112359550562,0.39484734990352965,6008.0,2.5306933827383083e-07,0.00027356795467401113,True,0.6965192646372752,Medium
"Taxes, Pensions & Public Finances","Gender, Feminism & Relationships",1.1466666666666667,1.4464285714285714,-0.2997619047619047,4418.5,2.9005333920644614e-07,0.0003135476596821683,True,-0.6690942498469241,Medium
Canada Identity / Provinces / General National Talk,Insults / Ad Hominem Flame Replies,1.2222222222222223,2.066666666666667,-0.8444444444444446,216.0,4.670791399295548e-07,0.0005049125502638487,True,-1.1310796855001026,Large
Political Scandal & Corruption (Senate/PMO),Race & Racism Discourse (White/Black),1.2222222222222223,1.896551724137931,-0.6743295019157087,483.0,4.688957524014283e-07,0.000506876308345944,True,-1.2024626691743803,Large
"Voting, Elections, Polls & Referendums",Israel–Palestine / Middle East Politics,1.1046511627906976,1.5185185185185186,-0.41386735572782096,1442.5,5.406541551097192e-07,0.0005844471416736065,True,-0.926449466870102,Large
Race & Racism Discourse (White/Black),Evidence vs Truth Debate (Kingwell Thread),1.896551724137931,1.04,0.856551724137931,612.5,6.312008225500917e-07,0.0006823280891766491,True,1.5613593887476485,Large
"Education: Teachers, Schools & Kids",Insults / Ad Hominem Flame Replies,1.1910112359550562,2.066666666666667,-0.8756554307116107,267.0,6.860872183900211e-07,0.0007416602830796128,True,-1.5468617395687974,Large
"Police, Guns & Crime",Insults / Ad Hominem Flame Replies,1.2136752136752136,2.066666666666667,-0.8529914529914533,366.0,7.217508619988789e-07,0.0007802126818207882,True,-1.4902362645161773,Large
Israel–Palestine / Middle East Politics,Climate Change & CO2 Debate,1.5185185185185186,1.1111111111111112,0.40740740740740744,3001.5,1.5057850876833384e-06,0.0016277536797856887,True,0.8962613550142412,Large
Israel–Palestine / Middle East Politics,"Oil, Pipelines & Alberta Energy Industry",1.5185185185185186,1.0952380952380953,0.42328042328042326,2375.0,1.5598411263124965e-06,0.0016861882575438087,True,0.8750237224108458,Large
Race & Racism Discourse (White/Black),Canadian Party Politics & Electoral Reform,1.896551724137931,1.0769230769230769,0.8196286472148542,625.0,1.752194035279059e-06,0.0018941217521366628,True,1.4673791373717904,Large
Race & Racism Discourse (White/Black),Justin Trudeau & Canadian Federal Leadership,1.896551724137931,1.103448275862069,0.7931034482758621,687.5,1.922674658319279e-06,0.0020784113056431406,True,1.4236642593573976,Large
Race & Racism Discourse (White/Black),Media & Journalism (Globe and Mail Commentary),1.896551724137931,1.305263157894737,0.5912885662431941,2043.0,2.17270955855113e-06,0.0023486990327937717,True,0.881946943062052,Large
Praise/Feedback on Posts and Columns,Insults / Ad Hominem Flame Replies,1.15,2.066666666666667,-0.916666666666667,108.5,2.248718116027282e-06,0.002430864283425492,True,-1.3612640300812915,Large
"Voting, Elections, Polls & Referendums",Fascism/Nazism/Confederate Symbols,1.1046511627906976,1.5625,-0.45784883720930236,823.0,2.41330836533001e-06,0.0026087863429217406,True,-1.1044937348651724,Large
"Voting, Elections, Polls & Referendums",US Politics (Trump/Clinton/Obama),1.1046511627906976,1.5666666666666667,-0.462015503875969,1700.5,2.6073728656382757e-06,0.002818570067754976,True,-0.8680667111410191,Large
Race & Racism Discourse (White/Black),"Parenting, Class & Family Life",1.896551724137931,1.1714285714285715,0.7251231527093596,805.0,3.5926706415253104e-06,0.0038836769634888607,True,1.1737897168935636,Large
"Oil, Pipelines & Alberta Energy Industry",Fascism/Nazism/Confederate Symbols,1.0952380952380953,1.5625,-0.46726190476190466,587.0,4.451607798239761e-06,0.004812188029897181,True,-1.0256118163394345,Large
Religion (Islam/Christianity) & Church Issues,Praise/Feedback on Posts and Columns,1.5858585858585859,1.15,0.43585858585858595,2825.5,4.742362890164656e-06,0.005126494284267993,True,0.7135256803278002,Medium
Evidence vs Truth Debate (Kingwell Thread),Insults / Ad Hominem Flame Replies,1.04,2.066666666666667,-1.0266666666666668,55.5,5.107108234787448e-06,0.005520784001805231,True,-1.8351411116997307,Large
Climate Change & CO2 Debate,Fascism/Nazism/Confederate Symbols,1.1111111111111112,1.5625,-0.45138888888888884,783.0,5.839335837925314e-06,0.006312322040797264,True,-1.0667405034280149,Large
Climate Change & CO2 Debate,US Politics (Trump/Clinton/Obama),1.1111111111111112,1.5666666666666667,-0.4555555555555555,1615.5,6.581678484749915e-06,0.007114794442014658,True,-0.8415380781103973,Large
"Oil, Pipelines & Alberta Energy Industry",US Politics (Trump/Clinton/Obama),1.0952380952380953,1.5666666666666667,-0.4714285714285713,1216.0,6.97034023707739e-06,0.007534937796280659,True,-0.8182790533181354,Large
"Healthcare System: Doctors, Hospitals & Patients",Insults / Ad Hominem Flame Replies,1.196969696969697,2.066666666666667,-0.8696969696969699,203.0,6.981281604016681e-06,0.007546765413942032,True,-1.5989202645656417,Large
"Voting, Elections, Polls & Referendums","Gender, Feminism & Relationships",1.1046511627906976,1.4464285714285714,-0.34177740863787376,1623.5,7.864919069555464e-06,0.008501977514189457,True,-0.8272405497538842,Large
"Healthcare System: Doctors, Hospitals & Patients",Religion (Islam/Christianity) & Church Issues,1.196969696969697,1.5858585858585859,-0.38888888888888884,2140.5,1.1234423895249058e-05,0.012144412230764231,True,-0.6989521622808572,Medium
Political Scandal & Corruption (Senate/PMO),Insults / Ad Hominem Flame Replies,1.2222222222222223,2.066666666666667,-0.8444444444444446,231.0,1.2092979288172723e-05,0.013072510610514714,True,-1.4879263973479886,Large
Canadian Party Politics & Electoral Reform,Insults / Ad Hominem Flame Replies,1.0769230769230769,2.066666666666667,-0.98974358974359,63.0,1.390293578047675e-05,0.015029073578695366,True,-1.7290131163008249,Large
"Oil, Pipelines & Alberta Energy Industry","Gender, Feminism & Relationships",1.0952380952380953,1.4464285714285714,-0.35119047619047605,1157.5,1.5060756251428245e-05,0.016280677507793932,True,-0.7875125189782176,Medium
Race & Racism Discourse (White/Black),"War, Terrorism & Security (Syria/ISIS)",1.896551724137931,1.2448979591836735,0.6516537649542575,1075.0,1.5151340989158441e-05,0.016378599609280276,True,1.1656921054946152,Large
Race & Racism Discourse (White/Black),Columnist/Political Culture Commentary (Coyne etc.),1.896551724137931,1.0555555555555556,0.8409961685823755,437.5,1.5315582892645756e-05,0.01655614510695006,True,1.4268024181167085,Large
Religion (Islam/Christianity) & Church Issues,Evidence vs Truth Debate (Kingwell Thread),1.5858585858585859,1.04,0.5458585858585858,1840.5,1.5566509152826155e-05,0.016827396394205073,True,0.9656906317596408,Large
Race & Racism Discourse (White/Black),Debate About Terms / Argumentation Style,1.896551724137931,1.3,0.596551724137931,1497.5,1.603881429619757e-05,0.017337958254189573,True,0.9608558584421651,Large
Justin Trudeau & Canadian Federal Leadership,Insults / Ad Hominem Flame Replies,1.103448275862069,2.066666666666667,-0.9632183908045979,74.5,1.661103326825901e-05,0.017956526962987992,True,-1.69127105441751,Large
Israel–Palestine / Middle East Politics,"Cities, Transit & Urban Development",1.5185185185185186,1.1290322580645162,0.38948626045400236,2282.0,1.7959746292419476e-05,0.019414485742105452,True,0.7796673716795123,Medium
Israel–Palestine / Middle East Politics,Canada Identity / Provinces / General National Talk,1.5185185185185186,1.2222222222222223,0.2962962962962963,2616.0,1.8779414766088578e-05,0.020300547362141753,True,0.44119489012994256,Small
Climate Change & CO2 Debate,"Gender, Feminism & Relationships",1.1111111111111112,1.4464285714285714,-0.33531746031746024,1543.5,1.9109858757450943e-05,0.02065775731680447,True,-0.7979513853686867,Medium
Political Scandal & Corruption (Senate/PMO),Religion (Islam/Christianity) & Church Issues,1.2222222222222223,1.5858585858585859,-0.36363636363636354,2401.0,2.004994409930753e-05,0.021673989571351443,True,-0.6405504107425539,Medium
Race & Racism Discourse (White/Black),Harper vs Trudeau Election Talk,1.896551724137931,1.34,0.556551724137931,2092.5,2.1967446908616208e-05,0.023746810108214122,True,0.8771441294512899,Large
Race & Racism Discourse (White/Black),Energy Tech (Solar/Wind/Nuclear/Power),1.896551724137931,1.2121212121212122,0.6844305120167189,742.5,2.2805471397902598e-05,0.024652714581132707,True,1.0775915524389574,Large
Race & Racism Discourse (White/Black),"Animals, Food, Meat Ethics & Environment",1.896551724137931,1.3,0.596551724137931,1288.0,2.5700366846888043e-05,0.027782096561485975,True,0.9643908545414468,Large
"Parenting, Class & Family Life",Insults / Ad Hominem Flame Replies,1.1714285714285715,2.066666666666667,-0.8952380952380954,102.0,2.669198155262181e-05,0.028854032058384178,True,-1.3902108692954873,Large
Race & Racism Discourse (White/Black),Harper-era Conservatism & Government,1.896551724137931,1.1818181818181819,0.7147335423197492,513.0,3.489826329734442e-05,0.03772502262442932,True,1.0220619168386724,Large
Media & Journalism (Globe and Mail Commentary),Insults / Ad Hominem Flame Replies,1.305263157894737,2.066666666666667,-0.76140350877193,342.0,4.4907172324755054e-05,0.048544653283060214,True,-1.107129248026329,Large
"Cities, Transit & Urban Development",Fascism/Nazism/Confederate Symbols,1.1290322580645162,1.5625,-0.43346774193548376,609.0,4.4971373450397864e-05,0.04861405469988009,True,-0.9106956694679528,Large
Canadian Party Politics & Electoral Reform,Religion (Islam/Christianity) & Church Issues,1.0769230769230769,1.5858585858585859,-0.508935508935509,705.0,4.769114920317247e-05,0.05155413228862944,False,-0.8939475515617624,Large
Israel–Palestine / Middle East Politics,"Education: Teachers, Schools & Kids",1.5185185185185186,1.1910112359550562,0.3275072825634624,3163.5,5.008646938966792e-05,0.05414347341023103,False,0.6056214586954974,Medium
Israel–Palestine / Middle East Politics,"Police, Guns & Crime",1.5185185185185186,1.2136752136752136,0.304843304843305,4099.5,5.178304105742292e-05,0.05597746738307417,False,0.554167873838345,Medium
Race & Racism Discourse (White/Black),Refugees & Immigration System,1.896551724137931,1.1923076923076923,0.7042440318302388,590.0,5.5363906835799064e-05,0.05984838328949879,False,1.1261109653080883,Large
Canada Identity / Provinces / General National Talk,Fascism/Nazism/Confederate Symbols,1.2222222222222223,1.5625,-0.3402777777777777,732.0,5.771847062654339e-05,0.06239366674729341,False,-0.4943934492174303,Small
Religion (Islam/Christianity) & Church Issues,Justin Trudeau & Canadian Federal Leadership,1.5858585858585859,1.103448275862069,0.4824103099965169,2048.5,6.002767978467249e-05,0.06488992184723096,False,0.848695821595199,Large
"Cities, Transit & Urban Development",US Politics (Trump/Clinton/Obama),1.1290322580645162,1.5666666666666667,-0.4376344086021504,1252.0,6.166440518230813e-05,0.06665922200207508,False,-0.7423837498205028,Medium
"Taxes, Pensions & Public Finances",Toronto Politics (Rob Ford / Mayor Drama),1.1466666666666667,1.5151515151515151,-0.3684848484848484,2695.5,6.298302070453369e-05,0.06808464538160092,False,-0.7714791269669894,Medium
Race & Racism Discourse (White/Black),Marijuana/Drugs/Alcohol Legalization Debate,1.896551724137931,1.1923076923076923,0.7042440318302388,587.5,6.76753098670987e-05,0.07315700996633369,False,1.1847154616215652,Large
Religion (Islam/Christianity) & Church Issues,Media & Journalism (Globe and Mail Commentary),1.5858585858585859,1.305263157894737,0.28059542796384895,6026.0,6.891747275137933e-05,0.07449978804424107,False,0.4397622012514547,Small
Columnist/Political Culture Commentary (Coyne etc.),Insults / Ad Hominem Flame Replies,1.0555555555555556,2.066666666666667,-1.0111111111111113,41.5,8.114983188143687e-05,0.08772296826383326,False,-1.6334736453608147,Large
Canada Identity / Provinces / General National Talk,US Politics (Trump/Clinton/Obama),1.2222222222222223,1.5666666666666667,-0.34444444444444433,1500.0,8.171553685589847e-05,0.08833449534122624,False,-0.472179966573953,Small
Race & Racism Discourse (White/Black),"Consumer Prices, Markets & Groceries",1.896551724137931,1.1176470588235294,0.7789046653144016,402.5,8.192129313824196e-05,0.08855691788243955,False,1.2027105947826302,Large
Israel–Palestine / Middle East Politics,Praise/Feedback on Posts and Columns,1.5185185185185186,1.15,0.3685185185185187,1495.0,8.254952037775126e-05,0.08923603152834912,False,0.619252568144194,Medium
"Parenting, Class & Family Life",Religion (Islam/Christianity) & Church Issues,1.1714285714285715,1.5858585858585859,-0.41443001443001437,1061.5,9.175332852667003e-05,0.0991853481373303,False,-0.6945890124054732,Medium
Race & Racism Discourse (White/Black),Immigration Policy & Legal Process,1.896551724137931,1.1176470588235294,0.7789046653144016,400.0,0.00010376371543524154,0.11216857638549611,False,1.2737087490708314,Large
Energy Tech (Solar/Wind/Nuclear/Power),Insults / Ad Hominem Flame Replies,1.2121212121212122,2.066666666666667,-0.8545454545454547,103.5,0.00012714243997934466,0.13744097761767157,False,-1.2816915387134105,Large
"War, Terrorism & Security (Syria/ISIS)",Insults / Ad Hominem Flame Replies,1.2448979591836735,2.066666666666667,-0.8217687074829934,164.0,0.00013589096196064078,0.1468981298794527,False,-1.447070007197656,Large
Israel–Palestine / Middle East Politics,Evidence vs Truth Debate (Kingwell Thread),1.5185185185185186,1.04,0.47851851851851857,973.5,0.00013823802658959072,0.14943530674334757,False,0.9287266934136998,Large
"Cities, Transit & Urban Development","Gender, Feminism & Relationships",1.1290322580645162,1.4464285714285714,-0.31739631336405516,1196.5,0.00014482695146939643,0.15655793453841754,False,-0.6863466326164628,Medium
Praise/Feedback on Posts and Columns,Fascism/Nazism/Confederate Symbols,1.15,1.5625,-0.4125000000000001,382.0,0.00014930614560254224,0.16139994339634817,False,-0.6905899032091437,Medium
"Police, Guns & Crime",US Politics (Trump/Clinton/Obama),1.2136752136752136,1.5666666666666667,-0.35299145299145307,2572.5,0.0001501821270005174,0.1623468792875593,False,-0.5819277957348725,Medium
"Education: Teachers, Schools & Kids",Fascism/Nazism/Confederate Symbols,1.1910112359550562,1.5625,-0.3714887640449438,939.0,0.00015131168950519743,0.16356793635511843,False,-0.6988273240322865,Medium
"Education: Teachers, Schools & Kids",US Politics (Trump/Clinton/Obama),1.1910112359550562,1.5666666666666667,-0.37565543071161045,1912.5,0.00015404861141998157,0.16652654894500007,False,-0.6170286202240576,Medium
Canada Identity / Provinces / General National Talk,"Gender, Feminism & Relationships",1.2222222222222223,1.4464285714285714,-0.22420634920634908,1422.0,0.00015679356862475515,0.16949384768336032,False,-0.34805661912577235,Small
Debate About Terms / Argumentation Style,Insults / Ad Hominem Flame Replies,1.3,2.066666666666667,-0.7666666666666668,253.5,0.00016018084375481767,0.1731554920989579,False,-1.2043720596822962,Large
Race & Racism Discourse (White/Black),Partisan Competence / Messaging (Liberal vs Conservative),1.896551724137931,1.125,0.771551724137931,375.0,0.0001706093870976785,0.18442874745259044,False,1.2478228150831632,Large
Harper-era Conservatism & Government,Insults / Ad Hominem Flame Replies,1.1818181818181819,2.066666666666667,-0.884848484848485,62.0,0.00018031820219369487,0.19492397657138416,False,-1.1645606411756033,Large
"Police, Guns & Crime",Fascism/Nazism/Confederate Symbols,1.2136752136752136,1.5625,-0.3488247863247864,1269.0,0.0001867606545808563,0.20188826760190565,False,-0.6409971653536333,Medium
"Voting, Elections, Polls & Referendums",Toronto Politics (Rob Ford / Mayor Drama),1.1046511627906976,1.5151515151515151,-0.4105003523608175,995.0,0.00019188856754455522,0.2074315415156642,False,-0.8658126684576721,Large
"Oil, Pipelines & Alberta Energy Industry",Toronto Politics (Rob Ford / Mayor Drama),1.0952380952380953,1.5151515151515151,-0.4199134199134198,711.0,0.00019273063121433287,0.20834181234269383,False,-0.8035304228425233,Large
Evidence vs Truth Debate (Kingwell Thread),Fascism/Nazism/Confederate Symbols,1.04,1.5625,-0.5225,215.0,0.00019963243597490284,0.21580266328886996,False,-1.0816075322939813,Large
"Animals, Food, Meat Ethics & Environment",Insults / Ad Hominem Flame Replies,1.3,2.066666666666667,-0.7666666666666668,215.0,0.0002338826459320498,0.2528271402525458,False,-1.205346129832124,Large
Harper vs Trudeau Election Talk,Insults / Ad Hominem Flame Replies,1.34,2.066666666666667,-0.7266666666666668,383.5,0.00024349617351273665,0.2632193635672683,False,-1.1222961900298645,Large
Refugees & Immigration System,Insults / Ad Hominem Flame Replies,1.1923076923076923,2.066666666666667,-0.8743589743589746,79.0,0.00025318316485669414,0.2736910012100864,False,-1.3254342488514486,Large
Praise/Feedback on Posts and Columns,US Politics (Trump/Clinton/Obama),1.15,1.5666666666666667,-0.41666666666666674,788.0,0.0002760627293462102,0.2984238104232532,False,-0.6092717958449425,Medium
Religion (Islam/Christianity) & Church Issues,Columnist/Political Culture Commentary (Coyne etc.),1.5858585858585859,1.0555555555555556,0.5303030303030303,1312.0,0.0002873417997741632,0.31061648555587046,False,0.9110404477632553,Large
"Consumer Prices, Markets & Groceries",Insults / Ad Hominem Flame Replies,1.1176470588235294,2.066666666666667,-0.9490196078431374,44.5,0.00030439148298381467,0.3290471931055037,False,-1.3558327249526798,Large
Marijuana/Drugs/Alcohol Legalization Debate,Insults / Ad Hominem Flame Replies,1.1923076923076923,2.066666666666667,-0.8743589743589746,79.5,0.00032021723772891704,0.34615483398495933,False,-1.411188866204183,Large
Climate Change & CO2 Debate,Toronto Politics (Rob Ford / Mayor Drama),1.1111111111111112,1.5151515151515151,-0.404040404040404,945.0,0.00036500634915622365,0.39457186343787776,False,-0.8347027263052335,Large
Praise/Feedback on Posts and Columns,"Gender, Feminism & Relationships",1.15,1.4464285714285714,-0.2964285714285715,747.0,0.0004072296510418179,0.44021525277620516,False,-0.534244529788559,Medium
Immigration Policy & Legal Process,Insults / Ad Hominem Flame Replies,1.1176470588235294,2.066666666666667,-0.9490196078431374,45.0,0.00041137438593674474,0.4446957111976211,False,-1.4587050313271497,Large
Israel–Palestine / Middle East Politics,Canadian Party Politics & Electoral Reform,1.5185185185185186,1.0769230769230769,0.44159544159544173,987.0,0.0004222175631417539,0.45641718575623597,False,0.8445017033862595,Large
Evidence vs Truth Debate (Kingwell Thread),US Politics (Trump/Clinton/Obama),1.04,1.5666666666666667,-0.5266666666666666,451.5,0.00044147327823501457,0.47723261377205073,False,-0.826614252564762,Large
"Education: Teachers, Schools & Kids","Gender, Feminism & Relationships",1.1910112359550562,1.4464285714285714,-0.2554173354735152,1833.5,0.00047191570909928076,0.5101408815363225,False,-0.49816146017001056,Small
"Gender, Feminism & Relationships",Evidence vs Truth Debate (Kingwell Thread),1.4464285714285714,1.04,0.40642857142857136,972.5,0.0005276144348365055,0.5703512040582625,False,0.8813580349726573,Large
"Police, Guns & Crime","Gender, Feminism & Relationships",1.2136752136752136,1.4464285714285714,-0.23275335775335781,2470.5,0.00056606367688136,0.6119148347087502,False,-0.44163050805105875,Small
Religion (Islam/Christianity) & Church Issues,Harper-era Conservatism & Government,1.5858585858585859,1.1818181818181819,0.404040404040404,1539.0,0.0005661402434812753,0.6119976032032586,False,0.6409146075906295,Medium
Religion (Islam/Christianity) & Church Issues,Energy Tech (Solar/Wind/Nuclear/Power),1.5858585858585859,1.2121212121212122,0.3737373737373737,2205.5,0.0005813590751680163,0.6284491602566256,False,0.6180588671091393,Medium
Canadian Party Politics & Electoral Reform,Fascism/Nazism/Confederate Symbols,1.0769230769230769,1.5625,-0.48557692307692313,238.0,0.0005833375385754845,0.6305878792000987,False,-0.9809722800358304,Large
"Healthcare System: Doctors, Hospitals & Patients",Israel–Palestine / Middle East Politics,1.196969696969697,1.5185185185185186,-0.3215488215488216,1254.5,0.0005867751308830602,0.6343039164845882,False,-0.6182306457775116,Medium
Partisan Competence / Messaging (Liberal vs Conservative),Insults / Ad Hominem Flame Replies,1.125,2.066666666666667,-0.9416666666666669,43.0,0.0006154310107612502,0.6652809226329115,False,-1.4239000103929427,Large
Israel–Palestine / Middle East Politics,Justin Trudeau & Canadian Federal Leadership,1.5185185185185186,1.103448275862069,0.41507024265644965,1080.5,0.0006167885545112213,0.6667484274266302,False,0.7933596871525503,Medium
Race & Racism Discourse (White/Black),"Citizenship, Dual Citizenship & Niqab Ceremony",1.896551724137931,1.2608695652173914,0.6356821589205397,500.0,0.000639656336563933,0.6914684998256116,False,1.0278522396194434,Large
Debate About Terms / Argumentation Style,Religion (Islam/Christianity) & Church Issues,1.3,1.5858585858585859,-0.2858585858585858,2546.0,0.0007003193729412538,0.7570452421494953,False,-0.4740704359116095,Small
"Oil, Pipelines & Alberta Energy Industry","Racism, Law & Policy Framing",1.0952380952380953,1.4,-0.30476190476190457,432.0,0.0008470243687315898,0.9156333425988485,False,-0.78435979864152,Medium
Justin Trudeau & Canadian Federal Leadership,Fascism/Nazism/Confederate Symbols,1.103448275862069,1.5625,-0.45905172413793105,277.0,0.0008518074111376334,0.9208038114397816,False,-0.9239267160795892,Large
Religion (Islam/Christianity) & Church Issues,"War, Terrorism & Security (Syria/ISIS)",1.5858585858585859,1.2448979591836735,0.34096062667491234,3135.5,0.0008695675026371205,0.9400024703507273,False,0.6004209702954068,Medium
Insults / Ad Hominem Flame Replies,Fascism/Nazism/Confederate Symbols,2.066666666666667,1.5625,0.5041666666666669,318.0,0.05262406720939551,1.0,False,0.708163615966285,Medium
Insults / Ad Hominem Flame Replies,"Bullying, Civility & Editorial Disputes",2.066666666666667,1.4375,0.6291666666666669,170.0,0.03366520570090589,1.0,False,0.8248907564175098,Large
Insults / Ad Hominem Flame Replies,US Politics (Trump/Clinton/Obama),2.066666666666667,1.5666666666666667,0.5000000000000002,600.0,0.029413717273870352,1.0,False,0.6464819651759129,Medium
Political Ideology Spectrum & Media Bias,"Vaccines, Vaccination & Disease Risk",1.3333333333333333,1.3333333333333333,0.0,152.5,0.8572231714888926,1.0,False,0.0,Negligible
Political Ideology Spectrum & Media Bias,Fascism/Nazism/Confederate Symbols,1.3333333333333333,1.5625,-0.22916666666666674,266.0,0.1455107166897952,1.0,False,-0.3800687400865945,Small
Political Ideology Spectrum & Media Bias,"Bullying, Civility & Editorial Disputes",1.3333333333333333,1.4375,-0.10416666666666674,153.0,0.5876683249978751,1.0,False,-0.17358241268772134,Negligible
Political Ideology Spectrum & Media Bias,US Politics (Trump/Clinton/Obama),1.3333333333333333,1.5666666666666667,-0.2333333333333334,528.5,0.20943184870669207,1.0,False,-0.33040165954060463,Small
Political Ideology Spectrum & Media Bias,Insults / Ad Hominem Flame Replies,1.3333333333333333,2.066666666666667,-0.7333333333333336,80.0,0.006209512431520487,1.0,False,-1.0192589900947109,Large
Columnist/Political Culture Commentary (Coyne etc.),"Vaccines, Vaccination & Disease Risk",1.0555555555555556,1.3333333333333333,-0.2777777777777777,97.5,0.04533271652164265,1.0,False,-0.7477720636417615,Medium
Columnist/Political Culture Commentary (Coyne etc.),Fascism/Nazism/Confederate Symbols,1.0555555555555556,1.5625,-0.5069444444444444,159.0,0.001710594398736308,1.0,False,-0.9809488997653673,Large
Columnist/Political Culture Commentary (Coyne etc.),"Bullying, Civility & Editorial Disputes",1.0555555555555556,1.4375,-0.3819444444444444,97.5,0.023952444894270113,1.0,False,-0.8236061963843684,Large
Columnist/Political Culture Commentary (Coyne etc.),US Politics (Trump/Clinton/Obama),1.0555555555555556,1.5666666666666667,-0.5111111111111111,332.5,0.0034186827550654955,1.0,False,-0.7678040611764853,Medium
Columnist/Political Culture Commentary (Coyne etc.),Political Ideology Spectrum & Media Bias,1.0555555555555556,1.3333333333333333,-0.2777777777777777,145.0,0.06596630804505008,1.0,False,-0.6124552055056872,Medium
Refugees & Immigration System,"Vaccines, Vaccination & Disease Risk",1.1923076923076923,1.3333333333333333,-0.14102564102564097,162.5,0.2285521966758457,1.0,False,-0.2876861795312677,Small
Refugees & Immigration System,Fascism/Nazism/Confederate Symbols,1.1923076923076923,1.5625,-0.3701923076923077,276.0,0.008823442195831682,1.0,False,-0.6545331482681057,Medium
"Taxes, Pensions & Public Finances",Partisan Competence / Messaging (Liberal vs Conservative),1.1466666666666667,1.125,0.021666666666666723,1803.0,0.9870670319705348,1.0,False,0.051740690706028304,Negligible
"Taxes, Pensions & Public Finances",Harper vs Trudeau Election Talk,1.1466666666666667,1.34,-0.19333333333333336,9572.0,0.0009853924035029562,1.0,False,-0.3970028415071874,Small
"Taxes, Pensions & Public Finances",Praise/Feedback on Posts and Columns,1.1466666666666667,1.15,-0.0033333333333331883,4699.5,0.4240789801816093,1.0,False,-0.0074072335552118505,Negligible
"Taxes, Pensions & Public Finances","Police, Guns & Crime",1.1466666666666667,1.2136752136752136,-0.06700854700854686,12534.5,0.22996024973771867,1.0,False,-0.1457983618304388,Negligible
"Taxes, Pensions & Public Finances",Media & Journalism (Globe and Mail Commentary),1.1466666666666667,1.305263157894737,-0.15859649122807018,9697.5,0.03481106817701099,1.0,False,-0.3155945082982325,Small
"Taxes, Pensions & Public Finances","Cities, Transit & Urban Development",1.1466666666666667,1.1290322580645162,0.017634408602150486,7056.0,0.8062948350507732,1.0,False,0.042473683643061276,Negligible
"Taxes, Pensions & Public Finances",Canada Identity / Provinces / General National Talk,1.1466666666666667,1.2222222222222223,-0.0755555555555556,8162.0,0.8640099911144945,1.0,False,-0.14826902360200783,Negligible
"Taxes, Pensions & Public Finances","Parenting, Class & Family Life",1.1466666666666667,1.1714285714285715,-0.024761904761904763,3958.5,0.930723612944817,1.0,False,-0.05674324989732396,Negligible
"Taxes, Pensions & Public Finances",Canadian Party Politics & Electoral Reform,1.1466666666666667,1.0769230769230769,0.06974358974358985,3068.0,0.4697478266445426,1.0,False,0.16980384154212402,Negligible
"Taxes, Pensions & Public Finances",Debate About Terms / Argumentation Style,1.1466666666666667,1.3,-0.15333333333333332,6922.5,0.014378830304973627,1.0,False,-0.331042077494921,Small
"Taxes, Pensions & Public Finances","Voting, Elections, Polls & Referendums",1.1466666666666667,1.1046511627906976,0.042015503875969085,9884.5,0.5995459935053209,1.0,False,0.10636128883230479,Negligible
"Taxes, Pensions & Public Finances","Healthcare System: Doctors, Hospitals & Patients",1.1466666666666667,1.196969696969697,-0.050303030303030294,7009.5,0.24760707201465504,1.0,False,-0.11791055931277378,Negligible
Insults / Ad Hominem Flame Replies,"Vaccines, Vaccination & Disease Risk",2.066666666666667,1.3333333333333333,0.7333333333333336,167.5,0.013325949935818628,1.0,False,1.0273517963169378,Large
"Voting, Elections, Polls & Referendums","Bullying, Civility & Editorial Disputes",1.1046511627906976,1.4375,-0.33284883720930236,497.5,0.00440425253244745,1.0,False,-0.8897145028446644,Large
"Voting, Elections, Polls & Referendums",Political Ideology Spectrum & Media Bias,1.1046511627906976,1.3333333333333333,-0.22868217054263562,735.0,0.029022122214851568,1.0,False,-0.6106637796528004,Medium
"Voting, Elections, Polls & Referendums",Columnist/Political Culture Commentary (Coyne etc.),1.1046511627906976,1.0555555555555556,0.04909560723514206,812.0,0.5280394684807611,1.0,False,0.16525672094635255,Negligible
"Voting, Elections, Polls & Referendums",Refugees & Immigration System,1.1046511627906976,1.1923076923076923,-0.08765652951699465,1058.5,0.4638883320210072,1.0,False,-0.24486313749445748,Small
"Voting, Elections, Polls & Referendums",Evidence vs Truth Debate (Kingwell Thread),1.1046511627906976,1.04,0.0646511627906976,1144.5,0.32600624870337713,1.0,False,0.22476625728346478,Small
"Voting, Elections, Polls & Referendums","Consumer Prices, Markets & Groceries",1.1046511627906976,1.1176470588235294,-0.0129958960328318,760.0,0.6216844656363212,1.0,False,-0.03798445587945748,Negligible
"Voting, Elections, Polls & Referendums",Immigration Policy & Legal Process,1.1046511627906976,1.1176470588235294,-0.0129958960328318,721.5,0.8811951041631253,1.0,False,-0.041672375755665694,Negligible
"Voting, Elections, Polls & Referendums","War, Terrorism & Security (Syria/ISIS)",1.1046511627906976,1.2448979591836735,-0.14024679639297588,1811.5,0.03153305125564341,1.0,False,-0.39090835845773436,Small
"Voting, Elections, Polls & Referendums",Justin Trudeau & Canadian Federal Leadership,1.1046511627906976,1.103448275862069,0.001202886928628688,1248.5,0.9902959211747983,1.0,False,0.003900356876545277,Negligible
"Voting, Elections, Polls & Referendums","Racism, Law & Policy Framing",1.1046511627906976,1.4,-0.2953488372093023,606.0,0.0012798170083659775,1.0,False,-0.8399682449557221,Large
"Voting, Elections, Polls & Referendums","Animals, Food, Meat Ethics & Environment",1.1046511627906976,1.3,-0.1953488372093024,2157.5,0.01015058559022046,1.0,False,-0.4540222725018492,Small
"Voting, Elections, Polls & Referendums",Energy Tech (Solar/Wind/Nuclear/Power),1.1046511627906976,1.2121212121212122,-0.10747004933051452,1343.5,0.4254591432953361,1.0,False,-0.27730252758381296,Small
Israel–Palestine / Middle East Politics,Personal Encouragement / Health / Small Talk,1.5185185185185186,1.391304347826087,0.12721417069243168,695.5,0.34294653055424784,1.0,False,0.21218186095607372,Small
Israel–Palestine / Middle East Politics,Partisan Competence / Messaging (Liberal vs Conservative),1.5185185185185186,1.125,0.3935185185185186,587.0,0.011252337748872833,1.0,False,0.7042542577344333,Medium
Israel–Palestine / Middle East Politics,Harper vs Trudeau Election Talk,1.5185185185185186,1.34,0.17851851851851852,3197.0,0.02391569607096332,1.0,False,0.29431726149549914,Small
Israel–Palestine / Middle East Politics,Media & Journalism (Globe and Mail Commentary),1.5185185185185186,1.305263157894737,0.2132553606237817,3169.5,0.003190310201880713,1.0,False,0.33483466052882144,Small
Israel–Palestine / Middle East Politics,Religion (Islam/Christianity) & Church Issues,1.5185185185185186,1.5858585858585859,-0.06734006734006726,2519.0,0.5064322935863441,1.0,False,-0.10912436763868379,Negligible
Israel–Palestine / Middle East Politics,"Parenting, Class & Family Life",1.5185185185185186,1.1714285714285715,0.3470899470899471,1269.0,0.0009911339559672853,1.0,False,0.6069295964443647,Medium
Israel–Palestine / Middle East Politics,Debate About Terms / Argumentation Style,1.5185185185185186,1.3,0.21851851851851856,2299.5,0.013253850273252252,1.0,False,0.37162699054026654,Small
Israel–Palestine / Middle East Politics,Race & Racism Discourse (White/Black),1.5185185185185186,1.896551724137931,-0.37803320561941245,553.0,0.013590024341140303,1.0,False,-0.5820264826480205,Medium
"Voting, Elections, Polls & Referendums","Vaccines, Vaccination & Disease Risk",1.1046511627906976,1.3333333333333333,-0.22868217054263562,497.5,0.019003397237139313,1.0,False,-0.674155315157619,Medium
"Voting, Elections, Polls & Referendums","Citizenship, Dual Citizenship & Niqab Ceremony",1.1046511627906976,1.2608695652173914,-0.15621840242669371,834.5,0.055284049158249866,1.0,False,-0.45718509611462066,Small
"Voting, Elections, Polls & Referendums","Canadian Culture, Language & Immigration Identity",1.1046511627906976,1.3214285714285714,-0.21677740863787376,943.0,0.006626701242232843,1.0,False,-0.6095515126492501,Medium
"Voting, Elections, Polls & Referendums",Marijuana/Drugs/Alcohol Legalization Debate,1.1046511627906976,1.1923076923076923,-0.08765652951699465,1020.0,0.2408119080914498,1.0,False,-0.2643315091252744,Small
"Voting, Elections, Polls & Referendums","Education: Teachers, Schools & Kids",1.1046511627906976,1.1910112359550562,-0.08636007316435856,3616.5,0.2845451252939294,1.0,False,-0.2080406278891261,Small
"Voting, Elections, Polls & Referendums",Climate Change & CO2 Debate,1.1046511627906976,1.1111111111111112,-0.006459948320413522,3460.5,0.8956525147396999,1.0,False,-0.02070729650236407,Negligible
"Voting, Elections, Polls & Referendums",Harper-era Conservatism & Government,1.1046511627906976,1.1818181818181819,-0.07716701902748424,954.5,0.9073123943847881,1.0,False,-0.1908422437903193,Negligible
"Voting, Elections, Polls & Referendums",Personal Encouragement / Health / Small Talk,1.1046511627906976,1.391304347826087,-0.2866531850353893,744.0,0.003889650824562867,1.0,False,-0.7522695063185374,Medium
"Voting, Elections, Polls & Referendums","Oil, Pipelines & Alberta Energy Industry",1.1046511627906976,1.0952380952380953,0.009413067552602294,2773.0,0.6293351374893084,1.0,False,0.02900081789767411,Negligible
"Voting, Elections, Polls & Referendums",Partisan Competence / Messaging (Liberal vs Conservative),1.1046511627906976,1.125,-0.02034883720930236,674.0,0.8171551431745646,1.0,False,-0.06497499871767211,Negligible
"Voting, Elections, Polls & Referendums",Harper vs Trudeau Election Talk,1.1046511627906976,1.34,-0.23534883720930244,3557.5,0.003165364642190048,1.0,False,-0.4785750370815208,Small
"Voting, Elections, Polls & Referendums",Praise/Feedback on Posts and Columns,1.1046511627906976,1.15,-0.04534883720930227,1762.0,0.6690366496718754,1.0,False,-0.10978380019091342,Negligible
"Voting, Elections, Polls & Referendums","Police, Guns & Crime",1.1046511627906976,1.2136752136752136,-0.10902405088451594,4679.5,0.16204210825801646,1.0,False,-0.24526533746661022,Small
"Voting, Elections, Polls & Referendums",Media & Journalism (Globe and Mail Commentary),1.1046511627906976,1.305263157894737,-0.20061199510403926,3616.5,0.03696606512023057,1.0,False,-0.3865761715924953,Small
"Voting, Elections, Polls & Referendums","Cities, Transit & Urban Development",1.1046511627906976,1.1290322580645162,-0.024381095273818598,2639.5,0.851030814903085,1.0,False,-0.07139615712486526,Negligible
"Voting, Elections, Polls & Referendums",Canada Identity / Provinces / General National Talk,1.1046511627906976,1.2222222222222223,-0.11757105943152468,3058.0,0.8075067146948801,1.0,False,-0.220125378945266,Small
Israel–Palestine / Middle East Politics,"Consumer Prices, Markets & Groceries",1.5185185185185186,1.1176470588235294,0.40087145969498916,641.0,0.003911886483652446,1.0,False,0.6906433204561401,Medium
Israel–Palestine / Middle East Politics,Immigration Policy & Legal Process,1.5185185185185186,1.1176470588235294,0.40087145969498916,627.0,0.007947705175317104,1.0,False,0.7224190327283698,Medium
Israel–Palestine / Middle East Politics,"War, Terrorism & Security (Syria/ISIS)",1.5185185185185186,1.2448979591836735,0.2736205593348451,1642.0,0.012087816688216214,1.0,False,0.5147090938169777,Medium
Israel–Palestine / Middle East Politics,Toronto Politics (Rob Ford / Mayor Drama),1.5185185185185186,1.5151515151515151,0.0033670033670034627,937.5,0.6459027613608965,1.0,False,0.005054109979622649,Negligible
Israel–Palestine / Middle East Politics,"Gender, Feminism & Relationships",1.5185185185185186,1.4464285714285714,0.0720899470899472,1591.5,0.5866286053534081,1.0,False,0.12605832159246264,Negligible
Israel–Palestine / Middle East Politics,"Racism, Law & Policy Framing",1.5185185185185186,1.4,0.11851851851851869,588.0,0.5053895638551571,1.0,False,0.204086779247197,Small
Israel–Palestine / Middle East Politics,"Animals, Food, Meat Ethics & Environment",1.5185185185185186,1.3,0.21851851851851856,1963.0,0.020610247775050317,1.0,False,0.3747488779049127,Small
Israel–Palestine / Middle East Politics,Energy Tech (Solar/Wind/Nuclear/Power),1.5185185185185186,1.2121212121212122,0.30639730639730645,1162.5,0.00460637790503121,1.0,False,0.5245907396683115,Medium
Israel–Palestine / Middle East Politics,"Citizenship, Dual Citizenship & Niqab Ceremony",1.5185185185185186,1.2608695652173914,0.25764895330112725,761.0,0.07019481860791645,1.0,False,0.45625994520507795,Small
Israel–Palestine / Middle East Politics,"Canadian Culture, Language & Immigration Identity",1.5185185185185186,1.3214285714285714,0.1970899470899472,881.5,0.15548580550947275,1.0,False,0.3484865308770895,Small
Israel–Palestine / Middle East Politics,Marijuana/Drugs/Alcohol Legalization Debate,1.5185185185185186,1.1923076923076923,0.3262108262108263,907.5,0.01292330162584365,1.0,False,0.5940562082993224,Medium
Israel–Palestine / Middle East Politics,Harper-era Conservatism & Government,1.5185185185185186,1.1818181818181819,0.3367003367003367,814.0,0.0028123172248946935,1.0,False,0.5401429348932058,Medium
Race & Racism Discourse (White/Black),Religion (Islam/Christianity) & Church Issues,1.896551724137931,1.5858585858585859,0.3106931382793452,1773.0,0.03150137039415362,1.0,False,0.48036462173119837,Small
Israel–Palestine / Middle East Politics,"Vaccines, Vaccination & Disease Risk",1.5185185185185186,1.3333333333333333,0.18518518518518534,467.5,0.29794247351175396,1.0,False,0.3173475629486949,Small
Israel–Palestine / Middle East Politics,Fascism/Nazism/Confederate Symbols,1.5185185185185186,1.5625,-0.0439814814814814,831.0,0.7411899388796102,1.0,False,-0.07198563416058487,Negligible
Israel–Palestine / Middle East Politics,"Bullying, Civility & Editorial Disputes",1.5185185185185186,1.4375,0.0810185185185186,468.5,0.5639314257615378,1.0,False,0.13251336471837136,Negligible
Israel–Palestine / Middle East Politics,US Politics (Trump/Clinton/Obama),1.5185185185185186,1.5666666666666667,-0.04814814814814805,1623.0,0.9871957860994242,1.0,False,-0.07051665911624691,Negligible
Israel–Palestine / Middle East Politics,Insults / Ad Hominem Flame Replies,1.5185185185185186,2.066666666666667,-0.5481481481481483,258.0,0.017219845029807283,1.0,False,-0.813565950851814,Large
Israel–Palestine / Middle East Politics,Political Ideology Spectrum & Media Bias,1.5185185185185186,1.3333333333333333,0.18518518518518534,668.5,0.16810992894269405,1.0,False,0.3094191592917557,Small
Israel–Palestine / Middle East Politics,Columnist/Political Culture Commentary (Coyne etc.),1.5185185185185186,1.0555555555555556,0.462962962962963,693.5,0.0013875856393452907,1.0,False,0.8570465135388872,Large
Israel–Palestine / Middle East Politics,Refugees & Immigration System,1.5185185185185186,1.1923076923076923,0.3262108262108263,921.5,0.007721516114660876,1.0,False,0.5703032169779848,Medium
"Voting, Elections, Polls & Referendums","Parenting, Class & Family Life",1.1046511627906976,1.1714285714285715,-0.06677740863787385,1481.5,0.8065218068579658,1.0,False,-0.176522969913012,Negligible
"Voting, Elections, Polls & Referendums",Canadian Party Politics & Electoral Reform,1.1046511627906976,1.0769230769230769,0.027728085867620766,1149.0,0.6834541743079332,1.0,False,0.09240691778580401,Negligible
"Voting, Elections, Polls & Referendums",Debate About Terms / Argumentation Style,1.1046511627906976,1.3,-0.1953488372093024,2576.0,0.016952051600242768,1.0,False,-0.437110420020795,Small
"Healthcare System: Doctors, Hospitals & Patients","Vaccines, Vaccination & Disease Risk",1.196969696969697,1.3333333333333333,-0.13636363636363624,422.5,0.2153085639648613,1.0,False,-0.30518186488974786,Small
"Healthcare System: Doctors, Hospitals & Patients",Fascism/Nazism/Confederate Symbols,1.196969696969697,1.5625,-0.365530303030303,716.0,0.0010791522875370856,1.0,False,-0.7263187883310686,Medium
"Healthcare System: Doctors, Hospitals & Patients","Bullying, Civility & Editorial Disputes",1.196969696969697,1.4375,-0.24053030303030298,423.0,0.08908555590421413,1.0,False,-0.5018555570921381,Medium
"Healthcare System: Doctors, Hospitals & Patients",US Politics (Trump/Clinton/Obama),1.196969696969697,1.5666666666666667,-0.36969696969696964,1452.5,0.0013572664755005953,1.0,False,-0.6125176076273802,Medium
"Healthcare System: Doctors, Hospitals & Patients",Political Ideology Spectrum & Media Bias,1.196969696969697,1.3333333333333333,-0.13636363636363624,618.0,0.2935521387902773,1.0,False,-0.2876222380114524,Small
"Healthcare System: Doctors, Hospitals & Patients",Columnist/Political Culture Commentary (Coyne etc.),1.196969696969697,1.0555555555555556,0.14141414141414144,669.5,0.19232862802758177,1.0,False,0.3500333508028772,Small
"Healthcare System: Doctors, Hospitals & Patients",Refugees & Immigration System,1.196969696969697,1.1923076923076923,0.004662004662004726,878.0,0.7971518625821777,1.0,False,0.010288881733058955,Negligible
"Healthcare System: Doctors, Hospitals & Patients",Evidence vs Truth Debate (Kingwell Thread),1.196969696969697,1.04,0.15696969696969698,942.5,0.08638488165479677,1.0,False,0.40454631118184187,Small
"Healthcare System: Doctors, Hospitals & Patients","Consumer Prices, Markets & Groceries",1.196969696969697,1.1176470588235294,0.07932263814616758,624.5,0.2597252124808328,1.0,False,0.1773483712126487,Negligible
"Healthcare System: Doctors, Hospitals & Patients",Immigration Policy & Legal Process,1.196969696969697,1.1176470588235294,0.07932263814616758,598.0,0.5259253391775647,1.0,False,0.18942303960572135,Negligible
Race & Racism Discourse (White/Black),Toronto Politics (Rob Ford / Mayor Drama),1.896551724137931,1.5151515151515151,0.3814002089864159,630.5,0.018612175845235494,1.0,False,0.5148100006248142,Medium
Race & Racism Discourse (White/Black),"Gender, Feminism & Relationships",1.896551724137931,1.4464285714285714,0.45012315270935965,1090.0,0.003838825350811247,1.0,False,0.7421890271451492,Medium
Race & Racism Discourse (White/Black),"Racism, Law & Policy Framing",1.896551724137931,1.4,0.49655172413793114,400.0,0.012721765002707832,1.0,False,0.7711011405979166,Medium
Race & Racism Discourse (White/Black),"Canadian Culture, Language & Immigration Identity",1.896551724137931,1.3214285714285714,0.5751231527093597,587.5,0.0012274028598993475,1.0,False,0.935284977967908,Large
Race & Racism Discourse (White/Black),Personal Encouragement / Health / Small Talk,1.896551724137931,1.391304347826087,0.5052473763118441,465.0,0.007505844166880629,1.0,False,0.7587987995576314,Medium
Debate About Terms / Argumentation Style,Canada Identity / Provinces / General National Talk,1.3,1.2222222222222223,0.07777777777777772,2826.0,0.059885289166795246,1.0,False,0.11966373938899776,Negligible
Debate About Terms / Argumentation Style,"Parenting, Class & Family Life",1.3,1.1714285714285715,0.12857142857142856,1373.5,0.14854795079061675,1.0,False,0.23186182784261,Small
Debate About Terms / Argumentation Style,Canadian Party Politics & Electoral Reform,1.3,1.0769230769230769,0.22307692307692317,1065.0,0.06602407494431176,1.0,False,0.4365428168383411,Small
Race & Racism Discourse (White/Black),"Vaccines, Vaccination & Disease Risk",1.896551724137931,1.3333333333333333,0.5632183908045978,312.5,0.00918289989630628,1.0,False,0.8597814477709058,Large
Race & Racism Discourse (White/Black),Fascism/Nazism/Confederate Symbols,1.896551724137931,1.5625,0.33405172413793105,580.0,0.06342246677835449,1.0,False,0.49783752858851077,Small
Race & Racism Discourse (White/Black),"Bullying, Civility & Editorial Disputes",1.896551724137931,1.4375,0.45905172413793105,315.0,0.030636868149751036,1.0,False,0.6627903594948855,Medium
Race & Racism Discourse (White/Black),US Politics (Trump/Clinton/Obama),1.896551724137931,1.5666666666666667,0.3298850574712644,1103.0,0.02528857984298794,1.0,False,0.44681506852744224,Small
Race & Racism Discourse (White/Black),Insults / Ad Hominem Flame Replies,1.896551724137931,2.066666666666667,-0.17011494252873582,195.5,0.5554745279577817,1.0,False,-0.2177971623502123,Small
Race & Racism Discourse (White/Black),Political Ideology Spectrum & Media Bias,1.896551724137931,1.3333333333333333,0.5632183908045978,440.0,0.0033329148310701343,1.0,False,0.8443727664774553,Large
"Healthcare System: Doctors, Hospitals & Patients","War, Terrorism & Security (Syria/ISIS)",1.196969696969697,1.2448979591836735,-0.0479282622139765,1521.0,0.4433782367931828,1.0,False,-0.10987665469491048,Negligible
"Healthcare System: Doctors, Hospitals & Patients",Justin Trudeau & Canadian Federal Leadership,1.196969696969697,1.103448275862069,0.09352142110762807,1033.5,0.3312954785205875,1.0,False,0.2318711710900853,Small
"Healthcare System: Doctors, Hospitals & Patients",Toronto Politics (Rob Ford / Mayor Drama),1.196969696969697,1.5151515151515151,-0.3181818181818181,846.0,0.017396899356379465,1.0,False,-0.5657449425910407,Medium
"Healthcare System: Doctors, Hospitals & Patients","Gender, Feminism & Relationships",1.196969696969697,1.4464285714285714,-0.24945887445887438,1398.0,0.00356879346067569,1.0,False,-0.5138779908393482,Medium
"Healthcare System: Doctors, Hospitals & Patients","Racism, Law & Policy Framing",1.196969696969697,1.4,-0.2030303030303029,520.0,0.051724079073793915,1.0,False,-0.44816662236466015,Small
"Healthcare System: Doctors, Hospitals & Patients","Animals, Food, Meat Ethics & Environment",1.196969696969697,1.3,-0.10303030303030303,1813.5,0.2611520875088216,1.0,False,-0.2059298026645892,Small
"Healthcare System: Doctors, Hospitals & Patients",Energy Tech (Solar/Wind/Nuclear/Power),1.196969696969697,1.2121212121212122,-0.015151515151515138,1112.5,0.7943474949499016,1.0,False,-0.031847819752367244,Negligible
"Healthcare System: Doctors, Hospitals & Patients","Citizenship, Dual Citizenship & Niqab Ceremony",1.196969696969697,1.2608695652173914,-0.06389986824769434,702.0,0.447232128442242,1.0,False,-0.14509361280350325,Negligible
"Healthcare System: Doctors, Hospitals & Patients","Canadian Culture, Language & Immigration Identity",1.196969696969697,1.3214285714285714,-0.12445887445887438,799.5,0.1559402441444014,1.0,False,-0.27719690061720886,Small
"Healthcare System: Doctors, Hospitals & Patients",Marijuana/Drugs/Alcohol Legalization Debate,1.196969696969697,1.1923076923076923,0.004662004662004726,851.5,0.9383840743135705,1.0,False,0.010895410899176065,Negligible
"Healthcare System: Doctors, Hospitals & Patients","Education: Teachers, Schools & Kids",1.196969696969697,1.1910112359550562,0.005958461014640815,3003.5,0.7125651208337669,1.0,False,0.012604228748977545,Negligible
"Healthcare System: Doctors, Hospitals & Patients",Climate Change & CO2 Debate,1.196969696969697,1.1111111111111112,0.08585858585858586,2866.5,0.21518842768153357,1.0,False,0.22868291799089147,Small
"Healthcare System: Doctors, Hospitals & Patients",Harper-era Conservatism & Government,1.196969696969697,1.1818181818181819,0.015151515151515138,786.5,0.3623442941587739,1.0,False,0.03015464101526423,Negligible
"Healthcare System: Doctors, Hospitals & Patients",Personal Encouragement / Health / Small Talk,1.196969696969697,1.391304347826087,-0.1943346508563899,631.0,0.09936853504835474,1.0,False,-0.4061540330167582,Small
"Healthcare System: Doctors, Hospitals & Patients","Oil, Pipelines & Alberta Energy Industry",1.196969696969697,1.0952380952380953,0.10173160173160167,2288.5,0.09314870123846235,1.0,False,0.25720597055773586,Small
"Healthcare System: Doctors, Hospitals & Patients",Partisan Competence / Messaging (Liberal vs Conservative),1.196969696969697,1.125,0.07196969696969702,559.0,0.584440241115655,1.0,False,0.17088846332156746,Negligible
Debate About Terms / Argumentation Style,Energy Tech (Solar/Wind/Nuclear/Power),1.3,1.2121212121212122,0.08787878787878789,1253.5,0.33200172436677267,1.0,False,0.155601814037446,Negligible
Debate About Terms / Argumentation Style,"Citizenship, Dual Citizenship & Niqab Ceremony",1.3,1.2608695652173914,0.03913043478260869,802.5,0.9810980289824823,1.0,False,0.07165923974670811,Negligible
Debate About Terms / Argumentation Style,"Canadian Culture, Language & Immigration Identity",1.3,1.3214285714285714,-0.021428571428571352,921.0,0.549933502075534,1.0,False,-0.03911818915662204,Negligible
Debate About Terms / Argumentation Style,Marijuana/Drugs/Alcohol Legalization Debate,1.3,1.1923076923076923,0.10769230769230775,966.0,0.5317328722262615,1.0,False,0.20192049510019194,Small
Debate About Terms / Argumentation Style,"Education: Teachers, Schools & Kids",1.3,1.1910112359550562,0.10898876404494384,3390.5,0.16594834626516464,1.0,False,0.204824521580574,Small
Debate About Terms / Argumentation Style,Climate Change & CO2 Debate,1.3,1.1111111111111112,0.18888888888888888,3226.5,0.026019685152193755,1.0,False,0.4161312762480877,Small
Debate About Terms / Argumentation Style,Harper-era Conservatism & Government,1.3,1.1818181818181819,0.11818181818181817,880.5,0.1531676009351046,1.0,False,0.19828144731509298,Negligible
Debate About Terms / Argumentation Style,Personal Encouragement / Health / Small Talk,1.3,1.391304347826087,-0.09130434782608687,728.0,0.37879516164532256,1.0,False,-0.15854956348838908,Negligible
Debate About Terms / Argumentation Style,"Oil, Pipelines & Alberta Energy Industry",1.3,1.0952380952380953,0.2047619047619047,2567.0,0.011603345652046307,1.0,False,0.42696820809388514,Small
Debate About Terms / Argumentation Style,Partisan Competence / Messaging (Liberal vs Conservative),1.3,1.125,0.17500000000000004,630.0,0.28565326966888094,1.0,False,0.32436819191526844,Small
Debate About Terms / Argumentation Style,Harper vs Trudeau Election Talk,1.3,1.34,-0.040000000000000036,3399.5,0.6789695545557004,1.0,False,-0.06741770619470805,Negligible
Debate About Terms / Argumentation Style,Praise/Feedback on Posts and Columns,1.3,1.15,0.15000000000000013,1622.0,0.040235342676798125,1.0,False,0.2605323299939321,Small
Debate About Terms / Argumentation Style,"Police, Guns & Crime",1.3,1.2136752136752136,0.08632478632478646,4393.5,0.229889552892226,1.0,False,0.15925356517719025,Negligible
Debate About Terms / Argumentation Style,Media & Journalism (Globe and Mail Commentary),1.3,1.305263157894737,-0.0052631578947368585,3402.5,0.7271486631077486,1.0,False,-0.008476111334114545,Negligible
Debate About Terms / Argumentation Style,"Cities, Transit & Urban Development",1.3,1.1290322580645162,0.1709677419354838,2457.5,0.05090452640638599,1.0,False,0.34639953737892193,Small
Debate About Terms / Argumentation Style,Fascism/Nazism/Confederate Symbols,1.3,1.5625,-0.26249999999999996,847.0,0.01649459125537069,1.0,False,-0.44642469784498584,Small
Debate About Terms / Argumentation Style,"Bullying, Civility & Editorial Disputes",1.3,1.4375,-0.13749999999999996,489.5,0.31495170936548567,1.0,False,-0.23549125820961395,Small
Debate About Terms / Argumentation Style,US Politics (Trump/Clinton/Obama),1.3,1.5666666666666667,-0.2666666666666666,1690.5,0.021001793461747922,1.0,False,-0.4052175252059254,Small
Debate About Terms / Argumentation Style,Political Ideology Spectrum & Media Bias,1.3,1.3333333333333333,-0.033333333333333215,707.0,0.7326202404601956,1.0,False,-0.058029178408169624,Negligible
Debate About Terms / Argumentation Style,Columnist/Political Culture Commentary (Coyne etc.),1.3,1.0555555555555556,0.24444444444444446,750.0,0.07819552977456125,1.0,False,0.4661920250037633,Small
Debate About Terms / Argumentation Style,Refugees & Immigration System,1.3,1.1923076923076923,0.10769230769230775,990.5,0.3596548399454912,1.0,False,0.19476766269386322,Negligible
Debate About Terms / Argumentation Style,Evidence vs Truth Debate (Kingwell Thread),1.3,1.04,0.26,1054.5,0.02640582726973524,1.0,False,0.5154748157905347,Medium
Debate About Terms / Argumentation Style,"Consumer Prices, Markets & Groceries",1.3,1.1176470588235294,0.1823529411764706,698.0,0.11986097906957566,1.0,False,0.32680500523552,Small
Debate About Terms / Argumentation Style,Immigration Policy & Legal Process,1.3,1.1176470588235294,0.1823529411764706,673.5,0.2457009820894709,1.0,False,0.33990083840305935,Small
Debate About Terms / Argumentation Style,"War, Terrorism & Security (Syria/ISIS)",1.3,1.2448979591836735,0.055102040816326525,1735.5,0.8850668406207975,1.0,False,0.10575769975846,Negligible
Debate About Terms / Argumentation Style,Justin Trudeau & Canadian Federal Leadership,1.3,1.103448275862069,0.1965517241379311,1162.5,0.10555376638727373,1.0,False,0.3841796208663894,Small
Debate About Terms / Argumentation Style,Toronto Politics (Rob Ford / Mayor Drama),1.3,1.5151515151515151,-0.2151515151515151,979.0,0.11891746873221046,1.0,False,-0.3379234408561527,Small
Debate About Terms / Argumentation Style,"Gender, Feminism & Relationships",1.3,1.4464285714285714,-0.14642857142857135,1635.5,0.0519115800995129,1.0,False,-0.2626544948526156,Small
Debate About Terms / Argumentation Style,"Racism, Law & Policy Framing",1.3,1.4,-0.09999999999999987,606.0,0.24551378270357116,1.0,False,-0.17888543819998293,Negligible
Debate About Terms / Argumentation Style,"Animals, Food, Meat Ethics & Environment",1.3,1.3,0.0,2071.5,0.86303870681776,1.0,False,0.0,Negligible
Canadian Party Politics & Electoral Reform,Marijuana/Drugs/Alcohol Legalization Debate,1.0769230769230769,1.1923076923076923,-0.11538461538461542,299.0,0.23340015665066904,1.0,False,-0.3363363969981563,Small
Canadian Party Politics & Electoral Reform,"Education: Teachers, Schools & Kids",1.0769230769230769,1.1910112359550562,-0.11408815903197933,1062.0,0.2924623156664028,1.0,False,-0.24965101485126964,Small
Canadian Party Politics & Electoral Reform,Climate Change & CO2 Debate,1.0769230769230769,1.1111111111111112,-0.03418803418803429,1017.0,0.6240108833399156,1.0,False,-0.11164402117618094,Negligible
Canadian Party Politics & Electoral Reform,Harper-era Conservatism & Government,1.0769230769230769,1.1818181818181819,-0.104895104895105,281.0,0.8459213468205284,1.0,False,-0.2133553777588709,Small
Canadian Party Politics & Electoral Reform,Personal Encouragement / Health / Small Talk,1.0769230769230769,1.391304347826087,-0.31438127090301005,217.0,0.019650875238520608,1.0,False,-0.7058213706985835,Medium
Canadian Party Politics & Electoral Reform,"Oil, Pipelines & Alberta Energy Industry",1.0769230769230769,1.0952380952380953,-0.018315018315018472,816.0,0.9614352205240875,1.0,False,-0.05609400597859931,Negligible
Canadian Party Politics & Electoral Reform,Partisan Competence / Messaging (Liberal vs Conservative),1.0769230769230769,1.125,-0.04807692307692313,198.0,0.6285189547359247,1.0,False,-0.16034208596969793,Negligible
Canadian Party Politics & Electoral Reform,Harper vs Trudeau Election Talk,1.0769230769230769,1.34,-0.2630769230769232,1042.0,0.034363034834664706,1.0,False,-0.47344847963384523,Small
Canadian Party Politics & Electoral Reform,Praise/Feedback on Posts and Columns,1.0769230769230769,1.15,-0.07307692307692304,519.0,0.9885877724112058,1.0,False,-0.15121870544466673,Negligible
Canadian Party Politics & Electoral Reform,"Police, Guns & Crime",1.0769230769230769,1.2136752136752136,-0.1367521367521367,1374.0,0.22080527950161188,1.0,False,-0.28053921317851716,Small
Canadian Party Politics & Electoral Reform,Media & Journalism (Globe and Mail Commentary),1.0769230769230769,1.305263157894737,-0.22834008097166003,1062.0,0.10487139939705468,1.0,False,-0.3843832724253927,Small
Canadian Party Politics & Electoral Reform,"Cities, Transit & Urban Development",1.0769230769230769,1.1290322580645162,-0.052109181141439365,776.0,0.6074327898426988,1.0,False,-0.14695094536791845,Negligible
Canadian Party Politics & Electoral Reform,Canada Identity / Provinces / General National Talk,1.0769230769230769,1.2222222222222223,-0.14529914529914545,900.0,0.5864004488926324,1.0,False,-0.23006608383332608,Small
Canadian Party Politics & Electoral Reform,"Parenting, Class & Family Life",1.0769230769230769,1.1714285714285715,-0.09450549450549461,436.0,0.6014091521219502,1.0,False,-0.2207079405790109,Small
Debate About Terms / Argumentation Style,"Vaccines, Vaccination & Disease Risk",1.3,1.3333333333333333,-0.033333333333333215,487.5,0.5765278069397041,1.0,False,-0.059518626687353825,Negligible
Canadian Party Politics & Electoral Reform,Political Ideology Spectrum & Media Bias,1.0769230769230769,1.3333333333333333,-0.2564102564102564,215.0,0.05927519412355116,1.0,False,-0.589528644124115,Medium
Canadian Party Politics & Electoral Reform,Columnist/Political Culture Commentary (Coyne etc.),1.0769230769230769,1.0555555555555556,0.02136752136752129,239.0,0.8056970754469148,1.0,False,0.08289534248549695,Negligible
Canadian Party Politics & Electoral Reform,Refugees & Immigration System,1.0769230769230769,1.1923076923076923,-0.11538461538461542,311.0,0.38138579519571647,1.0,False,-0.2905645665847725,Small
Canadian Party Politics & Electoral Reform,Evidence vs Truth Debate (Kingwell Thread),1.0769230769230769,1.04,0.036923076923076836,337.0,0.5950115938734755,1.0,False,0.1542908552578351,Negligible
Canadian Party Politics & Electoral Reform,"Consumer Prices, Markets & Groceries",1.0769230769230769,1.1176470588235294,-0.040723981900452566,224.0,0.8881718235083675,1.0,False,-0.11008482550957424,Negligible
Canadian Party Politics & Electoral Reform,Immigration Policy & Legal Process,1.0769230769230769,1.1176470588235294,-0.040723981900452566,212.0,0.6748026397713655,1.0,False,-0.1372261425059067,Negligible
Canadian Party Politics & Electoral Reform,"War, Terrorism & Security (Syria/ISIS)",1.0769230769230769,1.2448979591836735,-0.16797488226059665,530.0,0.07897984843857113,1.0,False,-0.4345558359014993,Small
Canadian Party Politics & Electoral Reform,Justin Trudeau & Canadian Federal Leadership,1.0769230769230769,1.103448275862069,-0.02652519893899208,367.0,0.7477676586170257,1.0,False,-0.09067116680545725,Negligible
Canadian Party Politics & Electoral Reform,Toronto Politics (Rob Ford / Mayor Drama),1.0769230769230769,1.5151515151515151,-0.43822843822843827,290.0,0.0053708607559613195,1.0,False,-0.7381818896526651,Medium
Canadian Party Politics & Electoral Reform,"Gender, Feminism & Relationships",1.0769230769230769,1.4464285714285714,-0.3695054945054945,471.0,0.0015646389943358835,1.0,False,-0.7858831278389932,Medium
Canadian Party Politics & Electoral Reform,"Racism, Law & Policy Framing",1.0769230769230769,1.4,-0.32307692307692304,176.0,0.009619219623814481,1.0,False,-0.8312795203934961,Large
Canadian Party Politics & Electoral Reform,"Animals, Food, Meat Ethics & Environment",1.0769230769230769,1.3,-0.22307692307692317,631.0,0.04784844611739019,1.0,False,-0.4521561856077669,Small
Canadian Party Politics & Electoral Reform,Energy Tech (Solar/Wind/Nuclear/Power),1.0769230769230769,1.2121212121212122,-0.13519813519813528,395.0,0.3619975420200753,1.0,False,-0.3028265946765249,Small
Canadian Party Politics & Electoral Reform,"Citizenship, Dual Citizenship & Niqab Ceremony",1.0769230769230769,1.2608695652173914,-0.18394648829431448,244.0,0.08816863885645142,1.0,False,-0.5031856303750895,Medium
Canadian Party Politics & Electoral Reform,"Canadian Culture, Language & Immigration Identity",1.0769230769230769,1.3214285714285714,-0.24450549450549453,275.0,0.0280982393520803,1.0,False,-0.6251967368619873,Medium
"Parenting, Class & Family Life",Climate Change & CO2 Debate,1.1714285714285715,1.1111111111111112,0.060317460317460325,1431.0,0.8863109980475787,1.0,False,0.15632782030512152,Negligible
"Parenting, Class & Family Life",Harper-era Conservatism & Government,1.1714285714285715,1.1818181818181819,-0.010389610389610393,393.0,0.8174298411632068,1.0,False,-0.018039260073589587,Negligible
"Parenting, Class & Family Life",Personal Encouragement / Health / Small Talk,1.1714285714285715,1.391304347826087,-0.21987577639751543,314.5,0.04860203132692897,1.0,False,-0.405688360739228,Small
"Parenting, Class & Family Life","Oil, Pipelines & Alberta Energy Industry",1.1714285714285715,1.0952380952380953,0.07619047619047614,1144.0,0.5438112133487907,1.0,False,0.18433779166754546,Negligible
"Parenting, Class & Family Life",Partisan Competence / Messaging (Liberal vs Conservative),1.1714285714285715,1.125,0.046428571428571486,279.0,0.9855166277933056,1.0,False,0.09925606021635945,Negligible
"Parenting, Class & Family Life",Harper vs Trudeau Election Talk,1.1714285714285715,1.34,-0.1685714285714286,1490.5,0.0762957326659288,1.0,False,-0.28848763647013426,Small
"Parenting, Class & Family Life",Praise/Feedback on Posts and Columns,1.1714285714285715,1.15,0.021428571428571574,725.5,0.5987623980597598,1.0,False,0.03897080951753723,Negligible
"Parenting, Class & Family Life","Police, Guns & Crime",1.1714285714285715,1.2136752136752136,-0.0422466422466421,1942.5,0.4702494203288313,1.0,False,-0.08117397808222285,Negligible
"Parenting, Class & Family Life",Media & Journalism (Globe and Mail Commentary),1.1714285714285715,1.305263157894737,-0.13383458646616542,1505.5,0.22398733279404925,1.0,False,-0.21604761945938672,Small
"Parenting, Class & Family Life","Cities, Transit & Urban Development",1.1714285714285715,1.1290322580645162,0.04239631336405525,1091.5,0.9346911805544404,1.0,False,0.09756380225117399,Negligible
"Parenting, Class & Family Life",Canada Identity / Provinces / General National Talk,1.1714285714285715,1.2222222222222223,-0.050793650793650835,1260.0,1.0,1.0,False,-0.0772325270048198,Negligible
Canadian Party Politics & Electoral Reform,"Vaccines, Vaccination & Disease Risk",1.0769230769230769,1.3333333333333333,-0.2564102564102564,145.0,0.03986411539826999,1.0,False,-0.7035975447302918,Medium
Canadian Party Politics & Electoral Reform,"Bullying, Civility & Editorial Disputes",1.0769230769230769,1.4375,-0.36057692307692313,145.0,0.01761524583046176,1.0,False,-0.8174028868622579,Large
Canadian Party Politics & Electoral Reform,US Politics (Trump/Clinton/Obama),1.0769230769230769,1.5666666666666667,-0.4897435897435898,495.0,0.0011628046094473742,1.0,False,-0.7633067960236316,Medium
"Parenting, Class & Family Life",Columnist/Political Culture Commentary (Coyne etc.),1.1714285714285715,1.0555555555555556,0.1158730158730159,334.5,0.4815083042410504,1.0,False,0.2627858161319118,Small
"Parenting, Class & Family Life",Refugees & Immigration System,1.1714285714285715,1.1923076923076923,-0.020879120879120805,439.0,0.6997327438713892,1.0,False,-0.04139514975718823,Negligible
"Parenting, Class & Family Life",Evidence vs Truth Debate (Kingwell Thread),1.1714285714285715,1.04,0.13142857142857145,471.0,0.30182119146534536,1.0,False,0.3176127458413694,Small
"Parenting, Class & Family Life","Consumer Prices, Markets & Groceries",1.1714285714285715,1.1176470588235294,0.05378151260504205,313.0,0.5671564685606227,1.0,False,0.10656122322436781,Negligible
"Parenting, Class & Family Life",Immigration Policy & Legal Process,1.1714285714285715,1.1176470588235294,0.05378151260504205,298.5,0.9859633106403398,1.0,False,0.11606306730824147,Negligible
"Parenting, Class & Family Life","War, Terrorism & Security (Syria/ISIS)",1.1714285714285715,1.2448979591836735,-0.07346938775510203,757.5,0.18550731660922826,1.0,False,-0.1566691666498324,Negligible
"Parenting, Class & Family Life",Justin Trudeau & Canadian Federal Leadership,1.1714285714285715,1.103448275862069,0.06798029556650254,516.0,0.842039186968913,1.0,False,0.1567506809377306,Negligible
"Parenting, Class & Family Life",Toronto Politics (Rob Ford / Mayor Drama),1.1714285714285715,1.5151515151515151,-0.34372294372294365,422.0,0.011949560996635335,1.0,False,-0.5352854942014703,Medium
"Parenting, Class & Family Life","Gender, Feminism & Relationships",1.1714285714285715,1.4464285714285714,-0.2749999999999999,694.0,0.0037989070894051684,1.0,False,-0.5208444771131617,Medium
"Parenting, Class & Family Life","Racism, Law & Policy Framing",1.1714285714285715,1.4,-0.22857142857142843,258.0,0.0258701530831191,1.0,False,-0.44840493174107826,Small
"Parenting, Class & Family Life","Animals, Food, Meat Ethics & Environment",1.1714285714285715,1.3,-0.12857142857142856,903.0,0.11074695834245961,1.0,False,-0.23613279581897959,Small
"Parenting, Class & Family Life",Energy Tech (Solar/Wind/Nuclear/Power),1.1714285714285715,1.2121212121212122,-0.04069264069264067,557.0,0.6766480063794588,1.0,False,-0.07688817508680786,Negligible
"Parenting, Class & Family Life","Citizenship, Dual Citizenship & Niqab Ceremony",1.1714285714285715,1.2608695652173914,-0.08944099378881987,349.5,0.2035014871557187,1.0,False,-0.18280059349637795,Negligible
"Parenting, Class & Family Life","Canadian Culture, Language & Immigration Identity",1.1714285714285715,1.3214285714285714,-0.1499999999999999,397.5,0.07045483933871309,1.0,False,-0.30170053322456464,Small
"Parenting, Class & Family Life",Marijuana/Drugs/Alcohol Legalization Debate,1.1714285714285715,1.1923076923076923,-0.020879120879120805,424.5,0.4773303648528965,1.0,False,-0.04446327011342453,Negligible
"Parenting, Class & Family Life","Education: Teachers, Schools & Kids",1.1714285714285715,1.1910112359550562,-0.019582664526484717,1499.5,0.6016472950496947,1.0,False,-0.039022145340181294,Negligible
Canada Identity / Provinces / General National Talk,Harper-era Conservatism & Government,1.2222222222222223,1.1818181818181819,0.04040404040404044,808.0,0.7958193386190687,1.0,False,0.05731641689564124,Negligible
Canada Identity / Provinces / General National Talk,Personal Encouragement / Health / Small Talk,1.2222222222222223,1.391304347826087,-0.1690821256038646,646.0,0.01537119258709913,1.0,False,-0.2460337195620232,Small
Canada Identity / Provinces / General National Talk,"Oil, Pipelines & Alberta Energy Industry",1.2222222222222223,1.0952380952380953,0.12698412698412698,2348.0,0.49312107504465275,1.0,False,0.22109377419243129,Small
Canada Identity / Provinces / General National Talk,Partisan Competence / Messaging (Liberal vs Conservative),1.2222222222222223,1.125,0.09722222222222232,572.0,0.9451818772939267,1.0,False,0.14588635399799504,Negligible
Canada Identity / Provinces / General National Talk,Harper vs Trudeau Election Talk,1.2222222222222223,1.34,-0.11777777777777776,3068.0,0.018663538807913802,1.0,False,-0.1798748284025659,Negligible
Canada Identity / Provinces / General National Talk,Praise/Feedback on Posts and Columns,1.2222222222222223,1.15,0.07222222222222241,1492.0,0.5446579081256093,1.0,False,0.10761423142555385,Negligible
Canada Identity / Provinces / General National Talk,"Police, Guns & Crime",1.2222222222222223,1.2136752136752136,0.008547008547008739,3990.0,0.32559765888613923,1.0,False,0.014162933294496275,Negligible
Canada Identity / Provinces / General National Talk,Media & Journalism (Globe and Mail Commentary),1.2222222222222223,1.305263157894737,-0.08304093567251458,3102.0,0.11441666041122066,1.0,False,-0.12188297088900427,Negligible
Canada Identity / Provinces / General National Talk,"Cities, Transit & Urban Development",1.2222222222222223,1.1290322580645162,0.09318996415770608,2240.0,0.9512126615895643,1.0,False,0.15888024633277414,Negligible
"Parenting, Class & Family Life","Vaccines, Vaccination & Disease Risk",1.1714285714285715,1.3333333333333333,-0.16190476190476177,210.0,0.09927215507031001,1.0,False,-0.31977435653557995,Small
"Parenting, Class & Family Life",Fascism/Nazism/Confederate Symbols,1.1714285714285715,1.5625,-0.3910714285714285,356.0,0.0014215089186802895,1.0,False,-0.6905528709510563,Medium
"Parenting, Class & Family Life","Bullying, Civility & Editorial Disputes",1.1714285714285715,1.4375,-0.2660714285714285,211.0,0.04425818095740757,1.0,False,-0.48236197468261827,Small
"Parenting, Class & Family Life",US Politics (Trump/Clinton/Obama),1.1714285714285715,1.5666666666666667,-0.39523809523809517,726.0,0.0022664041235668972,1.0,False,-0.5902112031688886,Medium
"Parenting, Class & Family Life",Political Ideology Spectrum & Media Bias,1.1714285714285715,1.3333333333333333,-0.16190476190476177,308.5,0.13722231961571635,1.0,False,-0.30086008603570197,Small
Canada Identity / Provinces / General National Talk,Refugees & Immigration System,1.2222222222222223,1.1923076923076923,0.02991452991453003,902.0,0.6356968575091505,1.0,False,0.04496873708942011,Negligible
Canada Identity / Provinces / General National Talk,Evidence vs Truth Debate (Kingwell Thread),1.2222222222222223,1.04,0.18222222222222229,966.0,0.28293839479439764,1.0,False,0.2904032931387345,Small
Canada Identity / Provinces / General National Talk,"Consumer Prices, Markets & Groceries",1.2222222222222223,1.1176470588235294,0.10457516339869288,644.0,0.5296357272212404,1.0,False,0.15382457723313472,Negligible
Canada Identity / Provinces / General National Talk,Immigration Policy & Legal Process,1.2222222222222223,1.1176470588235294,0.10457516339869288,612.0,1.0,1.0,False,0.1577990876986046,Negligible
Canada Identity / Provinces / General National Talk,"War, Terrorism & Security (Syria/ISIS)",1.2222222222222223,1.2448979591836735,-0.0226757369614512,1552.0,0.08340930097662429,1.0,False,-0.0366692594906813,Negligible
Canada Identity / Provinces / General National Talk,Justin Trudeau & Canadian Federal Leadership,1.2222222222222223,1.103448275862069,0.11877394636015337,1058.0,0.8512646312521762,1.0,False,0.1889126806709383,Negligible
Canada Identity / Provinces / General National Talk,Toronto Politics (Rob Ford / Mayor Drama),1.2222222222222223,1.5151515151515151,-0.2929292929292928,870.0,0.0016601840703618614,1.0,False,-0.402012805636572,Small
Canada Identity / Provinces / General National Talk,"Racism, Law & Policy Framing",1.2222222222222223,1.4,-0.1777777777777776,528.0,0.005930431801190723,1.0,False,-0.2626128657194448,Small
Canada Identity / Provinces / General National Talk,"Animals, Food, Meat Ethics & Environment",1.2222222222222223,1.3,-0.07777777777777772,1852.0,0.0360317490008315,1.0,False,-0.11952822226571073,Negligible
Canada Identity / Provinces / General National Talk,Energy Tech (Solar/Wind/Nuclear/Power),1.2222222222222223,1.2121212121212122,0.010101010101010166,1146.0,0.616416965785668,1.0,False,0.015121515422080935,Negligible
Canada Identity / Provinces / General National Talk,"Citizenship, Dual Citizenship & Niqab Ceremony",1.2222222222222223,1.2608695652173914,-0.03864734299516903,716.0,0.1155699768174691,1.0,False,-0.05829211030573294,Negligible
Canada Identity / Provinces / General National Talk,"Canadian Culture, Language & Immigration Identity",1.2222222222222223,1.3214285714285714,-0.09920634920634908,814.0,0.022848726954419,1.0,False,-0.1505548058422841,Negligible
Canada Identity / Provinces / General National Talk,Marijuana/Drugs/Alcohol Legalization Debate,1.2222222222222223,1.1923076923076923,0.02991452991453003,870.0,0.37071698227066274,1.0,False,0.04606615443072141,Negligible
Canada Identity / Provinces / General National Talk,"Education: Teachers, Schools & Kids",1.2222222222222223,1.1910112359550562,0.03121098626716612,3078.0,0.47419694930896006,1.0,False,0.051588726865218204,Negligible
Canada Identity / Provinces / General National Talk,Climate Change & CO2 Debate,1.2222222222222223,1.1111111111111112,0.11111111111111116,2934.0,0.9065694091820001,1.0,False,0.20480342879074187,Small
"Healthcare System: Doctors, Hospitals & Patients",Harper vs Trudeau Election Talk,1.196969696969697,1.34,-0.14303030303030306,2980.5,0.15415517943929344,1.0,False,-0.26199142470877324,Small
"Healthcare System: Doctors, Hospitals & Patients",Praise/Feedback on Posts and Columns,1.196969696969697,1.15,0.046969696969697106,1450.0,0.16288602825417386,1.0,False,0.09478271276054373,Negligible
"Healthcare System: Doctors, Hospitals & Patients","Police, Guns & Crime",1.196969696969697,1.2136752136752136,-0.016705516705516565,3888.5,0.9052990233218063,1.0,False,-0.033844815351141665,Negligible
"Healthcare System: Doctors, Hospitals & Patients",Media & Journalism (Globe and Mail Commentary),1.196969696969697,1.305263157894737,-0.10829346092503989,3006.5,0.5265282145831864,1.0,False,-0.18830531529467665,Negligible
"Healthcare System: Doctors, Hospitals & Patients","Cities, Transit & Urban Development",1.196969696969697,1.1290322580645162,0.06793743890518078,2184.5,0.2859051231540196,1.0,False,0.1648219927634283,Negligible
"Healthcare System: Doctors, Hospitals & Patients",Canada Identity / Provinces / General National Talk,1.196969696969697,1.2222222222222223,-0.025252525252525304,2522.0,0.3102373881712893,1.0,False,-0.04212031577889582,Negligible
"Healthcare System: Doctors, Hospitals & Patients","Parenting, Class & Family Life",1.196969696969697,1.1714285714285715,0.02554112554112553,1223.0,0.4472958940834223,1.0,False,0.05492131831775902,Negligible
"Healthcare System: Doctors, Hospitals & Patients",Canadian Party Politics & Electoral Reform,1.196969696969697,1.0769230769230769,0.12004662004662014,949.0,0.2076005633073038,1.0,False,0.3013163808686757,Small
"Healthcare System: Doctors, Hospitals & Patients",Debate About Terms / Argumentation Style,1.196969696969697,1.3,-0.10303030303030303,2153.5,0.34033058173292297,1.0,False,-0.201196417283042,Small
"Healthcare System: Doctors, Hospitals & Patients","Voting, Elections, Polls & Referendums",1.196969696969697,1.1046511627906976,0.09231853417899938,3061.5,0.16567322187532452,1.0,False,0.24973748140866736,Small
Political Scandal & Corruption (Senate/PMO),"Vaccines, Vaccination & Disease Risk",1.2222222222222223,1.3333333333333333,-0.11111111111111094,470.0,0.2765424692649079,1.0,False,-0.23034469096157198,Small
Political Scandal & Corruption (Senate/PMO),Fascism/Nazism/Confederate Symbols,1.2222222222222223,1.5625,-0.3402777777777777,802.0,0.001834746792448745,1.0,False,-0.645789990213433,Medium
Political Scandal & Corruption (Senate/PMO),"Bullying, Civility & Editorial Disputes",1.2222222222222223,1.4375,-0.21527777777777768,471.0,0.1209397069212642,1.0,False,-0.42198743592292987,Small
Religion (Islam/Christianity) & Church Issues,Personal Encouragement / Health / Small Talk,1.5858585858585859,1.391304347826087,0.19455423803249894,1335.0,0.14683856963367112,1.0,False,0.3159606191831367,Small
Religion (Islam/Christianity) & Church Issues,Partisan Competence / Messaging (Liberal vs Conservative),1.5858585858585859,1.125,0.46085858585858586,1114.0,0.0031335248464075074,1.0,False,0.7768336079452368,Medium
Religion (Islam/Christianity) & Church Issues,Harper vs Trudeau Election Talk,1.5858585858585859,1.34,0.24585858585858578,6102.5,0.000996703575103466,1.0,False,0.3999045885325366,Small
Canada Identity / Provinces / General National Talk,"Vaccines, Vaccination & Disease Risk",1.2222222222222223,1.3333333333333333,-0.11111111111111094,430.0,0.046929901921026085,1.0,False,-0.16242268848004257,Negligible
Canada Identity / Provinces / General National Talk,"Bullying, Civility & Editorial Disputes",1.2222222222222223,1.4375,-0.21527777777777768,434.0,0.016054616734711865,1.0,False,-0.30666060520194105,Small
Canada Identity / Provinces / General National Talk,Political Ideology Spectrum & Media Bias,1.2222222222222223,1.3333333333333333,-0.11111111111111094,634.0,0.07238113015750584,1.0,False,-0.16142975165488688,Negligible
Canada Identity / Provinces / General National Talk,Columnist/Political Culture Commentary (Coyne etc.),1.2222222222222223,1.0555555555555556,0.16666666666666674,686.0,0.4672662899656723,1.0,False,0.25569298083006753,Small
Religion (Islam/Christianity) & Church Issues,Refugees & Immigration System,1.5858585858585859,1.1923076923076923,0.39355089355089357,1749.5,0.0013404634978654083,1.0,False,0.6575636519766128,Medium
Religion (Islam/Christianity) & Church Issues,"Consumer Prices, Markets & Groceries",1.5858585858585859,1.1176470588235294,0.4682115270350564,1211.0,0.0010536364149187646,1.0,False,0.7733655148530487,Medium
Religion (Islam/Christianity) & Church Issues,Immigration Policy & Legal Process,1.5858585858585859,1.1176470588235294,0.4682115270350564,1189.5,0.002018134438093433,1.0,False,0.7925658373904106,Medium
Religion (Islam/Christianity) & Church Issues,Toronto Politics (Rob Ford / Mayor Drama),1.5858585858585859,1.5151515151515151,0.07070707070707072,1801.5,0.3215891282931388,1.0,False,0.10747922378116721,Negligible
Religion (Islam/Christianity) & Church Issues,"Gender, Feminism & Relationships",1.5858585858585859,1.4464285714285714,0.13943001443001446,3074.5,0.2014522796299062,1.0,False,0.23500163210677674,Small
Religion (Islam/Christianity) & Church Issues,"Racism, Law & Policy Framing",1.5858585858585859,1.4,0.18585858585858595,1134.0,0.24803178831577832,1.0,False,0.3072212156775934,Small
Religion (Islam/Christianity) & Church Issues,"Animals, Food, Meat Ethics & Environment",1.5858585858585859,1.3,0.2858585858585858,3750.0,0.0014157650324968043,1.0,False,0.47600921454498185,Small
Religion (Islam/Christianity) & Church Issues,"Citizenship, Dual Citizenship & Niqab Ceremony",1.5858585858585859,1.2608695652173914,0.3249890206411945,1454.5,0.018879561721653185,1.0,False,0.5463802193413432,Medium
Religion (Islam/Christianity) & Church Issues,"Canadian Culture, Language & Immigration Identity",1.5858585858585859,1.3214285714285714,0.26443001443001446,1691.0,0.044123499042563644,1.0,False,0.44505312694846655,Small
Religion (Islam/Christianity) & Church Issues,Marijuana/Drugs/Alcohol Legalization Debate,1.5858585858585859,1.1923076923076923,0.39355089355089357,1728.0,0.0022176493151239876,1.0,False,0.6730165193586304,Medium
"Cities, Transit & Urban Development",Climate Change & CO2 Debate,1.1290322580645162,1.1111111111111112,0.017921146953405076,2520.0,0.9494567801621092,1.0,False,0.05166106229498446,Negligible
"Cities, Transit & Urban Development",Harper-era Conservatism & Government,1.1290322580645162,1.1818181818181819,-0.05278592375366564,694.0,0.8273267454926232,1.0,False,-0.11191983196845556,Negligible
"Cities, Transit & Urban Development",Personal Encouragement / Health / Small Talk,1.1290322580645162,1.391304347826087,-0.2622720897615707,546.0,0.012819022289288513,1.0,False,-0.5891975643567104,Medium
"Cities, Transit & Urban Development","Oil, Pipelines & Alberta Energy Industry",1.1290322580645162,1.0952380952380953,0.03379416282642089,2017.5,0.5359849446382646,1.0,False,0.09255953049892215,Negligible
"Cities, Transit & Urban Development",Partisan Competence / Messaging (Liberal vs Conservative),1.1290322580645162,1.125,0.0040322580645162365,491.0,0.919911066894638,1.0,False,0.010737507184419294,Negligible
"Cities, Transit & Urban Development",Harper vs Trudeau Election Talk,1.1290322580645162,1.34,-0.21096774193548384,2602.0,0.015588864367542535,1.0,False,-0.39601450474267935,Small
"Cities, Transit & Urban Development",Praise/Feedback on Posts and Columns,1.1290322580645162,1.15,-0.020967741935483675,1281.0,0.5903679674246366,1.0,False,-0.044634709700543417,Negligible
"Cities, Transit & Urban Development","Police, Guns & Crime",1.1290322580645162,1.2136752136752136,-0.08464295561069735,3412.0,0.29515947506044804,1.0,False,-0.176675431538924,Negligible
"Cities, Transit & Urban Development",Media & Journalism (Globe and Mail Commentary),1.1290322580645162,1.305263157894737,-0.17623089983022067,2639.0,0.09459180252099006,1.0,False,-0.3130692016101779,Small
Religion (Islam/Christianity) & Church Issues,"Vaccines, Vaccination & Disease Risk",1.5858585858585859,1.3333333333333333,0.2525252525252526,897.5,0.14256081105420254,1.0,False,0.41558274136100076,Small
Religion (Islam/Christianity) & Church Issues,Fascism/Nazism/Confederate Symbols,1.5858585858585859,1.5625,0.023358585858585856,1613.0,0.8634277594099975,1.0,False,0.037558826042060955,Negligible
Religion (Islam/Christianity) & Church Issues,"Bullying, Civility & Editorial Disputes",1.5858585858585859,1.4375,0.14835858585858586,900.5,0.32481635523839103,1.0,False,0.23786712113366204,Small
Religion (Islam/Christianity) & Church Issues,US Politics (Trump/Clinton/Obama),1.5858585858585859,1.5666666666666667,0.019191919191919204,3127.0,0.5331017464727333,1.0,False,0.02858868371501798,Negligible
Religion (Islam/Christianity) & Church Issues,Insults / Ad Hominem Flame Replies,1.5858585858585859,2.066666666666667,-0.480808080808081,511.0,0.030808424985825502,1.0,False,-0.7272583876320421,Medium
Religion (Islam/Christianity) & Church Issues,Political Ideology Spectrum & Media Bias,1.5858585858585859,1.3333333333333333,0.2525252525252526,1278.0,0.06282767457346243,1.0,False,0.41035133993407485,Small
"Cities, Transit & Urban Development",Columnist/Political Culture Commentary (Coyne etc.),1.1290322580645162,1.0555555555555556,0.07347670250896066,590.5,0.4782837382678722,1.0,False,0.20611624852300975,Small
"Cities, Transit & Urban Development",Refugees & Immigration System,1.1290322580645162,1.1923076923076923,-0.06327543424317605,771.5,0.5877592186442783,1.0,False,-0.15147778447339444,Negligible
"Cities, Transit & Urban Development",Evidence vs Truth Debate (Kingwell Thread),1.1290322580645162,1.04,0.0890322580645162,832.0,0.28994819342616296,1.0,False,0.26051432640864935,Small
"Cities, Transit & Urban Development","Consumer Prices, Markets & Groceries",1.1290322580645162,1.1176470588235294,0.011385199240986799,552.5,0.5686030032128633,1.0,False,0.02799819572996665,Negligible
"Cities, Transit & Urban Development",Immigration Policy & Legal Process,1.1290322580645162,1.1176470588235294,0.011385199240986799,525.5,0.9827186005624116,1.0,False,0.030495559445961887,Negligible
"Cities, Transit & Urban Development","War, Terrorism & Security (Syria/ISIS)",1.1290322580645162,1.2448979591836735,-0.11586570111915728,1324.5,0.07767559054984455,1.0,False,-0.2848936228375863,Small
"Cities, Transit & Urban Development",Justin Trudeau & Canadian Federal Leadership,1.1290322580645162,1.103448275862069,0.025583982202447286,909.0,0.8813405880827178,1.0,False,0.07069071138682213,Negligible
"Cities, Transit & Urban Development",Toronto Politics (Rob Ford / Mayor Drama),1.1290322580645162,1.5151515151515151,-0.3861192570869989,731.0,0.001318192254584124,1.0,False,-0.7138341800218221,Medium
"Cities, Transit & Urban Development","Racism, Law & Policy Framing",1.1290322580645162,1.4,-0.2709677419354837,446.0,0.005206144111550204,1.0,False,-0.6531775166653011,Medium
"Cities, Transit & Urban Development","Animals, Food, Meat Ethics & Environment",1.1290322580645162,1.3,-0.1709677419354838,1578.0,0.033654512746547315,1.0,False,-0.3567008970013432,Small
"Cities, Transit & Urban Development",Energy Tech (Solar/Wind/Nuclear/Power),1.1290322580645162,1.2121212121212122,-0.08308895405669592,979.0,0.5552758995680099,1.0,False,-0.18638020553237197,Negligible
"Cities, Transit & Urban Development","Citizenship, Dual Citizenship & Niqab Ceremony",1.1290322580645162,1.2608695652173914,-0.13183730715287512,610.5,0.1059291277385146,1.0,False,-0.3280832544505295,Small
"Cities, Transit & Urban Development","Canadian Culture, Language & Immigration Identity",1.1290322580645162,1.3214285714285714,-0.19239631336405516,691.5,0.020686702405569343,1.0,False,-0.46484812243923396,Small
"Cities, Transit & Urban Development",Marijuana/Drugs/Alcohol Legalization Debate,1.1290322580645162,1.1923076923076923,-0.06327543424317605,744.5,0.3483777970474202,1.0,False,-0.16270806786315217,Negligible
"Cities, Transit & Urban Development","Education: Teachers, Schools & Kids",1.1290322580645162,1.1910112359550562,-0.061978977890539966,2636.0,0.44009067369243826,1.0,False,-0.13649698047456643,Negligible
Political Scandal & Corruption (Senate/PMO),US Politics (Trump/Clinton/Obama),1.2222222222222223,1.5666666666666667,-0.34444444444444433,1620.0,0.002197479954684824,1.0,False,-0.5600237050190467,Medium
Political Scandal & Corruption (Senate/PMO),Political Ideology Spectrum & Media Bias,1.2222222222222223,1.3333333333333333,-0.11111111111111094,686.0,0.3713288022270467,1.0,False,-0.2204792759220489,Small
Political Scandal & Corruption (Senate/PMO),Columnist/Political Culture Commentary (Coyne etc.),1.2222222222222223,1.0555555555555556,0.16666666666666674,739.0,0.15811723042983727,1.0,False,0.37493343392154915,Small
Political Scandal & Corruption (Senate/PMO),Refugees & Immigration System,1.2222222222222223,1.1923076923076923,0.02991452991453003,971.0,0.6798100588179075,1.0,False,0.06181467310881733,Negligible
Political Scandal & Corruption (Senate/PMO),Evidence vs Truth Debate (Kingwell Thread),1.2222222222222223,1.04,0.18222222222222229,1040.0,0.0666270250264627,1.0,False,0.4257288275602455,Small
Political Scandal & Corruption (Senate/PMO),"Consumer Prices, Markets & Groceries",1.2222222222222223,1.1176470588235294,0.10457516339869288,689.0,0.21944858481260432,1.0,False,0.2169772251918026,Small
Political Scandal & Corruption (Senate/PMO),Immigration Policy & Legal Process,1.2222222222222223,1.1176470588235294,0.10457516339869288,661.0,0.4476169497533782,1.0,False,0.22858268907977713,Small
Political Scandal & Corruption (Senate/PMO),"War, Terrorism & Security (Syria/ISIS)",1.2222222222222223,1.2448979591836735,-0.0226757369614512,1687.0,0.5709967391038043,1.0,False,-0.048979746394915966,Negligible
Political Scandal & Corruption (Senate/PMO),Justin Trudeau & Canadian Federal Leadership,1.2222222222222223,1.103448275862069,0.11877394636015337,1142.0,0.25961647372971053,1.0,False,0.27016853540130703,Small
Political Scandal & Corruption (Senate/PMO),Toronto Politics (Rob Ford / Mayor Drama),1.2222222222222223,1.5151515151515151,-0.2929292929292928,942.0,0.026184809686398653,1.0,False,-0.504776197252501,Medium
Political Scandal & Corruption (Senate/PMO),"Gender, Feminism & Relationships",1.2222222222222223,1.4464285714285714,-0.22420634920634908,1561.0,0.006030159046624114,1.0,False,-0.4429363527908791,Small
Political Scandal & Corruption (Senate/PMO),"Racism, Law & Policy Framing",1.2222222222222223,1.4,-0.1777777777777776,580.0,0.0747953932562165,1.0,False,-0.36591148299707826,Small
Political Scandal & Corruption (Senate/PMO),"Animals, Food, Meat Ethics & Environment",1.2222222222222223,1.3,-0.07777777777777772,2012.0,0.3545142024885841,1.0,False,-0.14980200182904896,Negligible
Political Scandal & Corruption (Senate/PMO),Energy Tech (Solar/Wind/Nuclear/Power),1.2222222222222223,1.2121212121212122,0.010101010101010166,1230.0,0.668533660333857,1.0,False,0.020120300068969914,Negligible
Political Scandal & Corruption (Senate/PMO),"Citizenship, Dual Citizenship & Niqab Ceremony",1.2222222222222223,1.2608695652173914,-0.03864734299516903,779.0,0.5517074634451854,1.0,False,-0.08156501253525547,Negligible
Media & Journalism (Globe and Mail Commentary),Marijuana/Drugs/Alcohol Legalization Debate,1.305263157894737,1.1923076923076923,0.11295546558704461,1277.5,0.7071363094232871,1.0,False,0.18536990281607638,Negligible
Media & Journalism (Globe and Mail Commentary),"Education: Teachers, Schools & Kids",1.305263157894737,1.1910112359550562,0.1142519219396807,4485.5,0.29084581295421585,1.0,False,0.1959084919732068,Negligible
Media & Journalism (Globe and Mail Commentary),Climate Change & CO2 Debate,1.305263157894737,1.1111111111111112,0.19415204678362574,4266.0,0.05427872533278137,1.0,False,0.36908833532588076,Small
Media & Journalism (Globe and Mail Commentary),Harper-era Conservatism & Government,1.305263157894737,1.1818181818181819,0.12344497607655502,1164.5,0.22255505124882435,1.0,False,0.18830877103290272,Negligible
Media & Journalism (Globe and Mail Commentary),Personal Encouragement / Health / Small Talk,1.305263157894737,1.391304347826087,-0.08604118993135002,965.0,0.24548089063931688,1.0,False,-0.13428114599315305,Negligible
Media & Journalism (Globe and Mail Commentary),"Oil, Pipelines & Alberta Energy Industry",1.305263157894737,1.0952380952380953,0.21002506265664156,3395.5,0.024244722290071675,1.0,False,0.38031174164694337,Small
Media & Journalism (Globe and Mail Commentary),Partisan Competence / Messaging (Liberal vs Conservative),1.305263157894737,1.125,0.1802631578947369,833.0,0.38077913168296007,1.0,False,0.2907547717868404,Small
Media & Journalism (Globe and Mail Commentary),Harper vs Trudeau Election Talk,1.305263157894737,1.34,-0.03473684210526318,4509.0,0.4137485173737204,1.0,False,-0.055143003265137346,Negligible
Media & Journalism (Globe and Mail Commentary),Praise/Feedback on Posts and Columns,1.305263157894737,1.15,0.155263157894737,2146.5,0.06996265357485953,1.0,False,0.24538338943098623,Small
Media & Journalism (Globe and Mail Commentary),"Police, Guns & Crime",1.305263157894737,1.2136752136752136,0.09158794421952332,5815.5,0.39450505962156446,1.0,False,0.15662790502109541,Negligible
"Cities, Transit & Urban Development","Vaccines, Vaccination & Disease Risk",1.1290322580645162,1.3333333333333333,-0.20430107526881702,365.0,0.04188390373245961,1.0,False,-0.5044634970005262,Medium
"Cities, Transit & Urban Development","Bullying, Civility & Editorial Disputes",1.1290322580645162,1.4375,-0.30846774193548376,365.5,0.012899445007789568,1.0,False,-0.6965415622007752,Medium
"Cities, Transit & Urban Development",Political Ideology Spectrum & Media Bias,1.1290322580645162,1.3333333333333333,-0.20430107526881702,538.0,0.061722693352339986,1.0,False,-0.465020857705222,Small
Media & Journalism (Globe and Mail Commentary),Political Ideology Spectrum & Media Bias,1.305263157894737,1.3333333333333333,-0.028070175438596356,937.0,0.554386089031744,1.0,False,-0.04380357075254304,Negligible
Media & Journalism (Globe and Mail Commentary),Columnist/Political Culture Commentary (Coyne etc.),1.305263157894737,1.0555555555555556,0.24970760233918132,991.5,0.11510657861245768,1.0,False,0.4104077972064247,Small
Media & Journalism (Globe and Mail Commentary),Refugees & Immigration System,1.305263157894737,1.1923076923076923,0.11295546558704461,1311.5,0.4899874432601443,1.0,False,0.18131191903053082,Negligible
Media & Journalism (Globe and Mail Commentary),Evidence vs Truth Debate (Kingwell Thread),1.305263157894737,1.04,0.26526315789473687,1394.0,0.044052789392626204,1.0,False,0.44942590483897704,Small
Media & Journalism (Globe and Mail Commentary),"Consumer Prices, Markets & Groceries",1.305263157894737,1.1176470588235294,0.18761609907120746,924.5,0.16460194226984348,1.0,False,0.2969439409743538,Small
Media & Journalism (Globe and Mail Commentary),Immigration Policy & Legal Process,1.305263157894737,1.1176470588235294,0.18761609907120746,890.5,0.33371496466179396,1.0,False,0.303946304009449,Small
Media & Journalism (Globe and Mail Commentary),"War, Terrorism & Security (Syria/ISIS)",1.305263157894737,1.2448979591836735,0.060365198711063384,2295.5,0.8545264829671179,1.0,False,0.1025440186824502,Negligible
Media & Journalism (Globe and Mail Commentary),Justin Trudeau & Canadian Federal Leadership,1.305263157894737,1.103448275862069,0.20181488203266795,1537.0,0.16533924445569748,1.0,False,0.34058338690418666,Small
Media & Journalism (Globe and Mail Commentary),Toronto Politics (Rob Ford / Mayor Drama),1.305263157894737,1.5151515151515151,-0.20988835725677824,1299.5,0.05692900062287295,1.0,False,-0.3083224543451965,Small
Media & Journalism (Globe and Mail Commentary),"Gender, Feminism & Relationships",1.305263157894737,1.4464285714285714,-0.1411654135338345,2166.5,0.0168644787519049,1.0,False,-0.23029217520593862,Small
Media & Journalism (Globe and Mail Commentary),"Racism, Law & Policy Framing",1.305263157894737,1.4,-0.09473684210526301,802.0,0.14640445560290558,1.0,False,-0.15021247123813963,Negligible
Media & Journalism (Globe and Mail Commentary),"Animals, Food, Meat Ethics & Environment",1.305263157894737,1.3,0.0052631578947368585,2740.5,0.5865508909066501,1.0,False,0.008493719329180256,Negligible
Media & Journalism (Globe and Mail Commentary),Energy Tech (Solar/Wind/Nuclear/Power),1.305263157894737,1.2121212121212122,0.09314194577352475,1661.0,0.4632617140843581,1.0,False,0.1483597875116235,Negligible
Media & Journalism (Globe and Mail Commentary),"Citizenship, Dual Citizenship & Niqab Ceremony",1.305263157894737,1.2608695652173914,0.04439359267734555,1061.5,0.7743497085670612,1.0,False,0.07160919278737235,Negligible
Media & Journalism (Globe and Mail Commentary),"Canadian Culture, Language & Immigration Identity",1.305263157894737,1.3214285714285714,-0.016165413533834494,1218.5,0.3660037378395944,1.0,False,-0.026145831368851503,Negligible
"Police, Guns & Crime",Energy Tech (Solar/Wind/Nuclear/Power),1.2136752136752136,1.2121212121212122,0.0015540015540014274,1959.0,0.8444616982286615,1.0,False,0.002946284087173576,Negligible
"Police, Guns & Crime","Citizenship, Dual Citizenship & Niqab Ceremony",1.2136752136752136,1.2608695652173914,-0.04719435154217777,1236.5,0.36632374920744826,1.0,False,-0.09228235386550787,Negligible
"Police, Guns & Crime","Canadian Culture, Language & Immigration Identity",1.2136752136752136,1.3214285714285714,-0.10775335775335781,1409.5,0.1002920852046419,1.0,False,-0.2096778607600135,Small
"Police, Guns & Crime",Marijuana/Drugs/Alcohol Legalization Debate,1.2136752136752136,1.1923076923076923,0.02136752136752129,1498.5,0.8614010386290263,1.0,False,0.04246688354782336,Negligible
"Police, Guns & Crime","Education: Teachers, Schools & Kids",1.2136752136752136,1.1910112359550562,0.02266397772015738,5284.5,0.7766293300016495,1.0,False,0.04429310784076541,Negligible
"Police, Guns & Crime",Climate Change & CO2 Debate,1.2136752136752136,1.1111111111111112,0.10256410256410242,5040.0,0.21573664919736446,1.0,False,0.2280118196945594,Small
"Police, Guns & Crime",Harper-era Conservatism & Government,1.2136752136752136,1.1818181818181819,0.031857031857031703,1382.5,0.387127992929558,1.0,False,0.05828277585177619,Negligible
"Police, Guns & Crime",Personal Encouragement / Health / Small Talk,1.2136752136752136,1.391304347826087,-0.17762913415087334,1114.0,0.06174347366663244,1.0,False,-0.3335518955147508,Small
"Police, Guns & Crime","Oil, Pipelines & Alberta Energy Industry",1.2136752136752136,1.0952380952380953,0.11843711843711824,4023.5,0.09165338166598566,1.0,False,0.2527454700177573,Small
"Police, Guns & Crime",Partisan Competence / Messaging (Liberal vs Conservative),1.2136752136752136,1.125,0.08867521367521358,983.0,0.6181199004362685,1.0,False,0.1755948907664303,Negligible
"Police, Guns & Crime",Harper vs Trudeau Election Talk,1.2136752136752136,1.34,-0.1263247863247865,5258.0,0.07367934187030618,1.0,False,-0.224460663400076,Small
"Police, Guns & Crime",Praise/Feedback on Posts and Columns,1.2136752136752136,1.15,0.06367521367521367,2549.5,0.17028621855373083,1.0,False,0.11849508684209654,Negligible
Media & Journalism (Globe and Mail Commentary),"Vaccines, Vaccination & Disease Risk",1.305263157894737,1.3333333333333333,-0.028070175438596356,645.0,0.424826524465302,1.0,False,-0.044239349492183284,Negligible
Media & Journalism (Globe and Mail Commentary),Fascism/Nazism/Confederate Symbols,1.305263157894737,1.5625,-0.2572368421052631,1125.0,0.00551870092665154,1.0,False,-0.3987430401440469,Small
Media & Journalism (Globe and Mail Commentary),"Bullying, Civility & Editorial Disputes",1.305263157894737,1.4375,-0.1322368421052631,649.5,0.2117882738072019,1.0,False,-0.2033698379246999,Small
Media & Journalism (Globe and Mail Commentary),US Politics (Trump/Clinton/Obama),1.305263157894737,1.5666666666666667,-0.26140350877192975,2248.5,0.005924969295299138,1.0,False,-0.3787484422301744,Small
"Police, Guns & Crime","Bullying, Civility & Editorial Disputes",1.2136752136752136,1.4375,-0.22382478632478642,747.5,0.05929864205379773,1.0,False,-0.417806510113094,Small
"Police, Guns & Crime",Political Ideology Spectrum & Media Bias,1.2136752136752136,1.3333333333333333,-0.11965811965811968,1090.0,0.22873565445054966,1.0,False,-0.22540926195852284,Small
"Police, Guns & Crime",Columnist/Political Culture Commentary (Coyne etc.),1.2136752136752136,1.0555555555555556,0.158119658119658,1176.5,0.20572479002577093,1.0,False,0.31936388915468644,Small
"Police, Guns & Crime",Refugees & Immigration System,1.2136752136752136,1.1923076923076923,0.02136752136752129,1545.5,0.8465582390612645,1.0,False,0.041324986552433766,Negligible
"Police, Guns & Crime",Evidence vs Truth Debate (Kingwell Thread),1.2136752136752136,1.04,0.17367521367521355,1656.0,0.0933661445170068,1.0,False,0.35980931204472394,Small
"Police, Guns & Crime","Consumer Prices, Markets & Groceries",1.2136752136752136,1.1176470588235294,0.09602815485168414,1098.5,0.27312126367332623,1.0,False,0.1853719206120809,Negligible
"Police, Guns & Crime",Immigration Policy & Legal Process,1.2136752136752136,1.1176470588235294,0.09602815485168414,1051.5,0.5570391026086625,1.0,False,0.19083760990171422,Negligible
"Police, Guns & Crime","War, Terrorism & Security (Syria/ISIS)",1.2136752136752136,1.2448979591836735,-0.031222745508459937,2678.5,0.33250416205017763,1.0,False,-0.06266032253941171,Negligible
"Police, Guns & Crime",Justin Trudeau & Canadian Federal Leadership,1.2136752136752136,1.103448275862069,0.11022693781314463,1817.0,0.3519491196848268,1.0,False,0.22569382920922676,Small
"Police, Guns & Crime",Toronto Politics (Rob Ford / Mayor Drama),1.2136752136752136,1.5151515151515151,-0.30147630147630156,1495.5,0.006275169739960774,1.0,False,-0.5191960703184055,Medium
"Police, Guns & Crime","Racism, Law & Policy Framing",1.2136752136752136,1.4,-0.18632478632478633,918.0,0.028672455181138715,1.0,False,-0.3585422859789574,Small
"Police, Guns & Crime","Animals, Food, Meat Ethics & Environment",1.2136752136752136,1.3,-0.08632478632478646,3194.5,0.16278183735011975,1.0,False,-0.16108363391705777,Negligible
Praise/Feedback on Posts and Columns,Toronto Politics (Rob Ford / Mayor Drama),1.15,1.5151515151515151,-0.3651515151515152,458.5,0.002015922314014146,1.0,False,-0.5495864149386689,Medium
Praise/Feedback on Posts and Columns,"Racism, Law & Policy Framing",1.15,1.4,-0.25,278.0,0.004601225486279421,1.0,False,-0.45001551804404133,Small
Praise/Feedback on Posts and Columns,"Animals, Food, Meat Ethics & Environment",1.15,1.3,-0.15000000000000013,984.0,0.02609895305124928,1.0,False,-0.26373918863424756,Small
Praise/Feedback on Posts and Columns,Energy Tech (Solar/Wind/Nuclear/Power),1.15,1.2121212121212122,-0.062121212121212244,612.5,0.33657142606265833,1.0,False,-0.11007009585074808,Negligible
Praise/Feedback on Posts and Columns,"Citizenship, Dual Citizenship & Niqab Ceremony",1.15,1.2608695652173914,-0.11086956521739144,380.5,0.06335795921541029,1.0,False,-0.20678882662914652,Small
Praise/Feedback on Posts and Columns,"Canadian Culture, Language & Immigration Identity",1.15,1.3214285714285714,-0.17142857142857149,431.0,0.015588501745414407,1.0,False,-0.31777797302893585,Small
Praise/Feedback on Posts and Columns,Marijuana/Drugs/Alcohol Legalization Debate,1.15,1.1923076923076923,-0.04230769230769238,464.0,0.1983715066043965,1.0,False,-0.08175671010050302,Negligible
Praise/Feedback on Posts and Columns,"Education: Teachers, Schools & Kids",1.15,1.1910112359550562,-0.04101123595505629,1644.5,0.2415346673560349,1.0,False,-0.07828631036103124,Negligible
Praise/Feedback on Posts and Columns,Climate Change & CO2 Debate,1.15,1.1111111111111112,0.03888888888888875,1570.5,0.6023075814465897,1.0,False,0.09235444184784461,Negligible
Praise/Feedback on Posts and Columns,Harper-era Conservatism & Government,1.15,1.1818181818181819,-0.03181818181818197,433.0,0.8394976009650276,1.0,False,-0.052106454117257,Negligible
Praise/Feedback on Posts and Columns,Personal Encouragement / Health / Small Talk,1.15,1.391304347826087,-0.241304347826087,341.5,0.010708062223967313,1.0,False,-0.41545666482511234,Small
Praise/Feedback on Posts and Columns,"Oil, Pipelines & Alberta Energy Industry",1.15,1.0952380952380953,0.05476190476190457,1258.5,0.9883641412382173,1.0,False,0.12146743717128604,Negligible
Praise/Feedback on Posts and Columns,Partisan Competence / Messaging (Liberal vs Conservative),1.15,1.125,0.02499999999999991,306.0,0.6205246692861339,1.0,False,0.04767312946227945,Negligible
Praise/Feedback on Posts and Columns,Harper vs Trudeau Election Talk,1.15,1.34,-0.19000000000000017,1630.0,0.01715719119741146,1.0,False,-0.3171138008614744,Small
"Police, Guns & Crime","Vaccines, Vaccination & Disease Risk",1.2136752136752136,1.3333333333333333,-0.11965811965811968,745.0,0.16440316516745457,1.0,False,-0.2306390612937763,Small
Harper vs Trudeau Election Talk,Personal Encouragement / Health / Small Talk,1.34,1.391304347826087,-0.05130434782608684,1075.0,0.5403653998297688,1.0,False,-0.08515777181253566,Negligible
Harper vs Trudeau Election Talk,"Oil, Pipelines & Alberta Energy Industry",1.34,1.0952380952380953,0.24476190476190474,3754.5,0.0028964924667568364,1.0,False,0.46889976633325553,Small
Harper vs Trudeau Election Talk,Partisan Competence / Messaging (Liberal vs Conservative),1.34,1.125,0.21500000000000008,923.0,0.1943560046451206,1.0,False,0.37146342299998497,Small
Praise/Feedback on Posts and Columns,"Vaccines, Vaccination & Disease Risk",1.15,1.3333333333333333,-0.18333333333333335,227.5,0.026242124314243352,1.0,False,-0.32924299018434816,Small
Praise/Feedback on Posts and Columns,"Bullying, Civility & Editorial Disputes",1.15,1.4375,-0.2875000000000001,229.0,0.010146938123311825,1.0,False,-0.4842055586018801,Small
Praise/Feedback on Posts and Columns,Political Ideology Spectrum & Media Bias,1.15,1.3333333333333333,-0.18333333333333335,336.5,0.04087635422481772,1.0,False,-0.31673840198101727,Small
Praise/Feedback on Posts and Columns,Columnist/Political Culture Commentary (Coyne etc.),1.15,1.0555555555555556,0.09444444444444433,368.0,0.77414171854794,1.0,False,0.1885897772382221,Negligible
Praise/Feedback on Posts and Columns,Refugees & Immigration System,1.15,1.1923076923076923,-0.04230769230769238,482.0,0.35699415466829787,1.0,False,-0.0773670098760802,Negligible
Praise/Feedback on Posts and Columns,Evidence vs Truth Debate (Kingwell Thread),1.15,1.04,0.10999999999999988,518.5,0.5600896278100934,1.0,False,0.2328468137882131,Small
Praise/Feedback on Posts and Columns,"Consumer Prices, Markets & Groceries",1.15,1.1176470588235294,0.03235294117647047,345.5,0.8438693535834515,1.0,False,0.05842594251649223,Negligible
Praise/Feedback on Posts and Columns,Immigration Policy & Legal Process,1.15,1.1176470588235294,0.03235294117647047,327.5,0.6696170931725662,1.0,False,0.06223245770018835,Negligible
Praise/Feedback on Posts and Columns,"War, Terrorism & Security (Syria/ISIS)",1.15,1.2448979591836735,-0.09489795918367361,825.5,0.05058528714657522,1.0,False,-0.18802674272333317,Negligible
Praise/Feedback on Posts and Columns,Justin Trudeau & Canadian Federal Leadership,1.15,1.103448275862069,0.04655172413793096,566.5,0.746337619620124,1.0,False,0.09589298751268288,Negligible
Harper vs Trudeau Election Talk,Evidence vs Truth Debate (Kingwell Thread),1.34,1.04,0.30000000000000004,1541.0,0.013589160448971705,1.0,False,0.5440489911881413,Medium
Harper vs Trudeau Election Talk,"Consumer Prices, Markets & Groceries",1.34,1.1176470588235294,0.22235294117647064,1019.5,0.07921859222679715,1.0,False,0.3760567201505233,Small
Harper vs Trudeau Election Talk,Immigration Policy & Legal Process,1.34,1.1176470588235294,0.22235294117647064,986.5,0.16269145193515566,1.0,False,0.3857743678890557,Small
Harper vs Trudeau Election Talk,"War, Terrorism & Security (Syria/ISIS)",1.34,1.2448979591836735,0.09510204081632656,2553.5,0.5871952783743838,1.0,False,0.17093734804567542,Negligible
Harper vs Trudeau Election Talk,Justin Trudeau & Canadian Federal Leadership,1.34,1.103448275862069,0.23655172413793113,1702.0,0.05398314902757455,1.0,False,0.4261622413694791,Small
Harper vs Trudeau Election Talk,Toronto Politics (Rob Ford / Mayor Drama),1.34,1.5151515151515151,-0.17515151515151506,1447.0,0.18948213712359452,1.0,False,-0.27109759598183153,Small
Harper vs Trudeau Election Talk,"Gender, Feminism & Relationships",1.34,1.4464285714285714,-0.10642857142857132,2426.5,0.0932522073425466,1.0,False,-0.1826643393743556,Negligible
Harper vs Trudeau Election Talk,"Racism, Law & Policy Framing",1.34,1.4,-0.05999999999999983,898.0,0.3685222261061507,1.0,False,-0.10149226055455295,Negligible
Harper vs Trudeau Election Talk,"Animals, Food, Meat Ethics & Environment",1.34,1.3,0.040000000000000036,3049.0,0.825117600615288,1.0,False,0.06777184707394332,Negligible
Harper vs Trudeau Election Talk,Energy Tech (Solar/Wind/Nuclear/Power),1.34,1.2121212121212122,0.12787878787878793,1836.0,0.19524022346402703,1.0,False,0.21590716642817126,Small
Harper vs Trudeau Election Talk,"Citizenship, Dual Citizenship & Niqab Ceremony",1.34,1.2608695652173914,0.07913043478260873,1181.5,0.7949491598177119,1.0,False,0.13614713576626694,Negligible
Harper vs Trudeau Election Talk,"Canadian Culture, Language & Immigration Identity",1.34,1.3214285714285714,0.018571428571428683,1359.5,0.7691151148815429,1.0,False,0.03195916206907103,Negligible
Harper vs Trudeau Election Talk,Marijuana/Drugs/Alcohol Legalization Debate,1.34,1.1923076923076923,0.1476923076923078,1418.5,0.34896180196422144,1.0,False,0.2584977218552845,Small
Harper vs Trudeau Election Talk,"Education: Teachers, Schools & Kids",1.34,1.1910112359550562,0.14898876404494388,4970.0,0.053782355257509594,1.0,False,0.2670789499344659,Small
Harper vs Trudeau Election Talk,Climate Change & CO2 Debate,1.34,1.1111111111111112,0.22888888888888892,4725.0,0.005559942131685046,1.0,False,0.45937166265962437,Small
Harper vs Trudeau Election Talk,Harper-era Conservatism & Government,1.34,1.1818181818181819,0.1581818181818182,1287.0,0.09453548815056578,1.0,False,0.2562882052959519,Small
Partisan Competence / Messaging (Liberal vs Conservative),"Citizenship, Dual Citizenship & Niqab Ceremony",1.125,1.2608695652173914,-0.13586956521739135,159.0,0.31737945219051056,1.0,False,-0.332323327834919,Small
Partisan Competence / Messaging (Liberal vs Conservative),"Canadian Culture, Language & Immigration Identity",1.125,1.3214285714285714,-0.1964285714285714,180.0,0.15715952494298324,1.0,False,-0.45414755311462374,Small
Partisan Competence / Messaging (Liberal vs Conservative),Marijuana/Drugs/Alcohol Legalization Debate,1.125,1.1923076923076923,-0.06730769230769229,194.0,0.5881393491304057,1.0,False,-0.17693474333472958,Negligible
Partisan Competence / Messaging (Liberal vs Conservative),"Education: Teachers, Schools & Kids",1.125,1.1910112359550562,-0.0660112359550562,687.0,0.726046934785314,1.0,False,-0.13818999182714803,Negligible
Partisan Competence / Messaging (Liberal vs Conservative),Climate Change & CO2 Debate,1.125,1.1111111111111112,0.01388888888888884,657.0,0.8804248237961505,1.0,False,0.043353782887558825,Negligible
Partisan Competence / Messaging (Liberal vs Conservative),Harper-era Conservatism & Government,1.125,1.1818181818181819,-0.05681818181818188,181.0,0.8026501302627305,1.0,False,-0.10268193673285003,Negligible
Partisan Competence / Messaging (Liberal vs Conservative),Personal Encouragement / Health / Small Talk,1.125,1.391304347826087,-0.2663043478260869,142.0,0.11875881092956675,1.0,False,-0.5332356631389948,Medium
Partisan Competence / Messaging (Liberal vs Conservative),"Oil, Pipelines & Alberta Energy Industry",1.125,1.0952380952380953,0.029761904761904656,526.0,0.59436134136269,1.0,False,0.08620223760089753,Negligible
Harper vs Trudeau Election Talk,"Vaccines, Vaccination & Disease Risk",1.34,1.3333333333333333,0.006666666666666821,720.0,0.7544693532926985,1.0,False,0.011237041058130023,Negligible
Harper vs Trudeau Election Talk,Fascism/Nazism/Confederate Symbols,1.34,1.5625,-0.22249999999999992,1261.0,0.028820645551547626,1.0,False,-0.36497296819800823,Small
Harper vs Trudeau Election Talk,"Bullying, Civility & Editorial Disputes",1.34,1.4375,-0.09749999999999992,723.5,0.44089886108108567,1.0,False,-0.15991506358625418,Negligible
Harper vs Trudeau Election Talk,US Politics (Trump/Clinton/Obama),1.34,1.5666666666666667,-0.22666666666666657,2503.0,0.03460767011600713,1.0,False,-0.3425680451928529,Small
Harper vs Trudeau Election Talk,Political Ideology Spectrum & Media Bias,1.34,1.3333333333333333,0.006666666666666821,1041.0,0.9404438034019422,1.0,False,0.011076689990260149,Negligible
Harper vs Trudeau Election Talk,Columnist/Political Culture Commentary (Coyne etc.),1.34,1.0555555555555556,0.2844444444444445,1096.5,0.04801554257641636,1.0,False,0.5010499059072461,Medium
Harper vs Trudeau Election Talk,Refugees & Immigration System,1.34,1.1923076923076923,0.1476923076923078,1451.5,0.22592111544104132,1.0,False,0.25233897191676,Small
Partisan Competence / Messaging (Liberal vs Conservative),"Bullying, Civility & Editorial Disputes",1.125,1.4375,-0.3125,95.0,0.10416255883043905,1.0,False,-0.6173309979059936,Medium
Partisan Competence / Messaging (Liberal vs Conservative),US Politics (Trump/Clinton/Obama),1.125,1.5666666666666667,-0.44166666666666665,325.0,0.020924221926963645,1.0,False,-0.6470023577316103,Medium
Partisan Competence / Messaging (Liberal vs Conservative),Political Ideology Spectrum & Media Bias,1.125,1.3333333333333333,-0.20833333333333326,140.0,0.23875010710042321,1.0,False,-0.42483737909918884,Small
Partisan Competence / Messaging (Liberal vs Conservative),Columnist/Political Culture Commentary (Coyne etc.),1.125,1.0555555555555556,0.06944444444444442,154.0,0.504824106937741,1.0,False,0.23931938620591262,Small
Partisan Competence / Messaging (Liberal vs Conservative),Refugees & Immigration System,1.125,1.1923076923076923,-0.06730769230769229,201.0,0.7816012409951885,1.0,False,-0.1525347717741431,Negligible
Partisan Competence / Messaging (Liberal vs Conservative),Evidence vs Truth Debate (Kingwell Thread),1.125,1.04,0.08499999999999996,217.0,0.32838321424068295,1.0,False,0.32245312025183986,Small
Partisan Competence / Messaging (Liberal vs Conservative),"Consumer Prices, Markets & Groceries",1.125,1.1176470588235294,0.007352941176470562,144.0,0.5879706433222243,1.0,False,0.017433346455211884,Negligible
Partisan Competence / Messaging (Liberal vs Conservative),Immigration Policy & Legal Process,1.125,1.1176470588235294,0.007352941176470562,137.0,0.9745944735448081,1.0,False,0.02183722477609573,Negligible
Partisan Competence / Messaging (Liberal vs Conservative),"War, Terrorism & Security (Syria/ISIS)",1.125,1.2448979591836735,-0.11989795918367352,345.0,0.3200229503141969,1.0,False,-0.28943071865654274,Small
Partisan Competence / Messaging (Liberal vs Conservative),Justin Trudeau & Canadian Federal Leadership,1.125,1.103448275862069,0.02155172413793105,237.0,0.8446317869827984,1.0,False,0.06707205724996732,Negligible
Partisan Competence / Messaging (Liberal vs Conservative),Toronto Politics (Rob Ford / Mayor Drama),1.125,1.5151515151515151,-0.39015151515151514,190.0,0.052194841200887965,1.0,False,-0.5982042542736457,Medium
Partisan Competence / Messaging (Liberal vs Conservative),"Gender, Feminism & Relationships",1.125,1.4464285714285714,-0.3214285714285714,311.0,0.026842222824181756,1.0,False,-0.6412234498911867,Medium
Partisan Competence / Messaging (Liberal vs Conservative),"Racism, Law & Policy Framing",1.125,1.4,-0.2749999999999999,116.0,0.0743590933298182,1.0,False,-0.6265438946381943,Medium
Partisan Competence / Messaging (Liberal vs Conservative),"Animals, Food, Meat Ethics & Environment",1.125,1.3,-0.17500000000000004,411.0,0.23686880113870457,1.0,False,-0.33371190623595737,Small
Partisan Competence / Messaging (Liberal vs Conservative),Energy Tech (Solar/Wind/Nuclear/Power),1.125,1.2121212121212122,-0.08712121212121215,255.0,0.7655407262297953,1.0,False,-0.17795259252383785,Negligible
"Oil, Pipelines & Alberta Energy Industry","War, Terrorism & Security (Syria/ISIS)",1.0952380952380953,1.2448979591836735,-0.14965986394557818,1294.0,0.018871269633212003,1.0,False,-0.3865396492906268,Small
"Oil, Pipelines & Alberta Energy Industry",Justin Trudeau & Canadian Federal Leadership,1.0952380952380953,1.103448275862069,-0.008210180623973606,893.0,0.7306843740802287,1.0,False,-0.02448622104827403,Negligible
"Oil, Pipelines & Alberta Energy Industry","Animals, Food, Meat Ethics & Environment",1.0952380952380953,1.3,-0.2047619047619047,1541.0,0.006903557432560682,1.0,False,-0.44148573926257967,Small
"Oil, Pipelines & Alberta Energy Industry",Energy Tech (Solar/Wind/Nuclear/Power),1.0952380952380953,1.2121212121212122,-0.11688311688311681,962.0,0.2622342402221989,1.0,False,-0.2753032195790958,Small
"Oil, Pipelines & Alberta Energy Industry","Citizenship, Dual Citizenship & Niqab Ceremony",1.0952380952380953,1.2608695652173914,-0.165631469979296,596.0,0.031005001008045614,1.0,False,-0.440736231237525,Small
"Oil, Pipelines & Alberta Energy Industry","Canadian Culture, Language & Immigration Identity",1.0952380952380953,1.3214285714285714,-0.22619047619047605,673.0,0.004155213498859524,1.0,False,-0.5800009820436405,Medium
"Oil, Pipelines & Alberta Energy Industry",Marijuana/Drugs/Alcohol Legalization Debate,1.0952380952380953,1.1923076923076923,-0.09706959706959695,729.0,0.14016317426877306,1.0,False,-0.2673728606646803,Small
"Oil, Pipelines & Alberta Energy Industry","Education: Teachers, Schools & Kids",1.0952380952380953,1.1910112359550562,-0.09577314071696086,2586.5,0.1579926438723427,1.0,False,-0.21713830482498053,Small
"Oil, Pipelines & Alberta Energy Industry",Climate Change & CO2 Debate,1.0952380952380953,1.1111111111111112,-0.015873015873015817,2475.0,0.5510229074444295,1.0,False,-0.04815493101049735,Negligible
"Oil, Pipelines & Alberta Energy Industry",Harper-era Conservatism & Government,1.0952380952380953,1.1818181818181819,-0.08658008658008653,683.0,0.8414630427792891,1.0,False,-0.19301094640882352,Negligible
"Oil, Pipelines & Alberta Energy Industry",Personal Encouragement / Health / Small Talk,1.0952380952380953,1.391304347826087,-0.2960662525879916,531.5,0.002514061538366375,1.0,False,-0.702806657671676,Medium
Partisan Competence / Messaging (Liberal vs Conservative),"Vaccines, Vaccination & Disease Risk",1.125,1.3333333333333333,-0.20833333333333326,95.0,0.1813582759043133,1.0,False,-0.49760354662872547,Small
Partisan Competence / Messaging (Liberal vs Conservative),Fascism/Nazism/Confederate Symbols,1.125,1.5625,-0.4375,158.0,0.011914771982964279,1.0,False,-0.8038753611911956,Large
Political Scandal & Corruption (Senate/PMO),"Canadian Culture, Language & Immigration Identity",1.2222222222222223,1.3214285714285714,-0.09920634920634908,889.0,0.2132784185430937,1.0,False,-0.2068063873538552,Small
Political Scandal & Corruption (Senate/PMO),Marijuana/Drugs/Alcohol Legalization Debate,1.2222222222222223,1.1923076923076923,0.02991452991453003,943.0,0.9392488931418788,1.0,False,0.06476226260518876,Negligible
Political Scandal & Corruption (Senate/PMO),"Education: Teachers, Schools & Kids",1.2222222222222223,1.1910112359550562,0.03121098626716612,3322.0,0.543760565380291,1.0,False,0.06367808387656768,Negligible
Political Scandal & Corruption (Senate/PMO),Climate Change & CO2 Debate,1.2222222222222223,1.1111111111111112,0.11111111111111116,3168.0,0.13794177164314433,1.0,False,0.2761568870454371,Small
Political Scandal & Corruption (Senate/PMO),Harper-era Conservatism & Government,1.2222222222222223,1.1818181818181819,0.04040404040404044,868.0,0.30163707606378587,1.0,False,0.07642001314285211,Negligible
Political Scandal & Corruption (Senate/PMO),Personal Encouragement / Health / Small Talk,1.2222222222222223,1.391304347826087,-0.1690821256038646,702.0,0.1372443463987141,1.0,False,-0.33337576700711247,Small
Political Scandal & Corruption (Senate/PMO),"Oil, Pipelines & Alberta Energy Industry",1.2222222222222223,1.0952380952380953,0.12698412698412698,2527.0,0.0587729469817531,1.0,False,0.299724065377524,Small
Political Scandal & Corruption (Senate/PMO),Partisan Competence / Messaging (Liberal vs Conservative),1.2222222222222223,1.125,0.09722222222222232,618.0,0.5025106171767104,1.0,False,0.2113709841963551,Small
Political Scandal & Corruption (Senate/PMO),Harper vs Trudeau Election Talk,1.2222222222222223,1.34,-0.11777777777777776,3306.0,0.2199926994481083,1.0,False,-0.21116592702009013,Small
Political Scandal & Corruption (Senate/PMO),Praise/Feedback on Posts and Columns,1.2222222222222223,1.15,0.07222222222222241,1600.0,0.12006012716057747,1.0,False,0.1393571563727579,Negligible
Political Scandal & Corruption (Senate/PMO),"Police, Guns & Crime",1.2222222222222223,1.2136752136752136,0.008547008547008739,4302.0,0.7133963227165088,1.0,False,0.016851975847337664,Negligible
Political Scandal & Corruption (Senate/PMO),Media & Journalism (Globe and Mail Commentary),1.2222222222222223,1.305263157894737,-0.08304093567251458,3328.0,0.6732802857225368,1.0,False,-0.14179385268855438,Negligible
Political Scandal & Corruption (Senate/PMO),"Cities, Transit & Urban Development",1.2222222222222223,1.1290322580645162,0.09318996415770608,2414.0,0.1991590883914488,1.0,False,0.21239050343772087,Small
Political Scandal & Corruption (Senate/PMO),Canada Identity / Provinces / General National Talk,1.2222222222222223,1.2222222222222223,0.0,2784.0,0.2207912355337721,1.0,False,0.0,Negligible
Political Scandal & Corruption (Senate/PMO),"Parenting, Class & Family Life",1.2222222222222223,1.1714285714285715,0.050793650793650835,1351.0,0.35509325373911493,1.0,False,0.10324084783732675,Negligible
Personal Encouragement / Health / Small Talk,"Canadian Culture, Language & Immigration Identity",1.391304347826087,1.3214285714285714,0.06987577639751552,335.0,0.7730261203158618,1.0,False,0.13270534391859123,Negligible
Personal Encouragement / Health / Small Talk,Marijuana/Drugs/Alcohol Legalization Debate,1.391304347826087,1.1923076923076923,0.19899665551839463,348.0,0.20549957917888362,1.0,False,0.4020038912108005,Small
Personal Encouragement / Health / Small Talk,"Education: Teachers, Schools & Kids",1.391304347826087,1.1910112359550562,0.20029311187103072,1217.0,0.04397667088652924,1.0,False,0.38854381602092725,Small
Personal Encouragement / Health / Small Talk,Climate Change & CO2 Debate,1.391304347826087,1.1111111111111112,0.28019323671497576,1156.5,0.006092170588578586,1.0,False,0.7192777945235713,Medium
Personal Encouragement / Health / Small Talk,Harper-era Conservatism & Government,1.391304347826087,1.1818181818181819,0.20948616600790504,314.5,0.05572560486125124,1.0,False,0.335636636770227,Small
"Oil, Pipelines & Alberta Energy Industry","Vaccines, Vaccination & Disease Risk",1.0952380952380953,1.3333333333333333,-0.23809523809523792,355.0,0.010488049761353715,1.0,False,-0.632721997405529,Medium
"Oil, Pipelines & Alberta Energy Industry","Bullying, Civility & Editorial Disputes",1.0952380952380953,1.4375,-0.34226190476190466,355.5,0.0026505510314766938,1.0,False,-0.8214895376639637,Large
"Oil, Pipelines & Alberta Energy Industry",Political Ideology Spectrum & Media Bias,1.0952380952380953,1.3333333333333333,-0.23809523809523792,525.5,0.01676363733667834,1.0,False,-0.5742770061512819,Medium
"Oil, Pipelines & Alberta Energy Industry",Columnist/Political Culture Commentary (Coyne etc.),1.0952380952380953,1.0555555555555556,0.039682539682539764,581.0,0.7354214650311743,1.0,False,0.12189111439065786,Negligible
"Oil, Pipelines & Alberta Energy Industry",Refugees & Immigration System,1.0952380952380953,1.1923076923076923,-0.09706959706959695,757.5,0.29242651093390626,1.0,False,-0.24672144023615647,Small
"Oil, Pipelines & Alberta Energy Industry",Evidence vs Truth Debate (Kingwell Thread),1.0952380952380953,1.04,0.05523809523809531,819.0,0.5113630799599216,1.0,False,0.17686582192566985,Negligible
"Oil, Pipelines & Alberta Energy Industry","Consumer Prices, Markets & Groceries",1.0952380952380953,1.1176470588235294,-0.022408963585434094,544.5,0.8266740518769009,1.0,False,-0.05915486131286804,Negligible
"Oil, Pipelines & Alberta Energy Industry",Immigration Policy & Legal Process,1.0952380952380953,1.1176470588235294,-0.022408963585434094,516.0,0.6481602836885141,1.0,False,-0.06527304783062435,Negligible
Personal Encouragement / Health / Small Talk,US Politics (Trump/Clinton/Obama),1.391304347826087,1.5666666666666667,-0.17536231884057973,615.5,0.3887205956545047,1.0,False,-0.24888753326604576,Small
Personal Encouragement / Health / Small Talk,Insults / Ad Hominem Flame Replies,1.391304347826087,2.066666666666667,-0.67536231884058,95.0,0.01132023200884316,1.0,False,-0.9443704280742242,Large
Personal Encouragement / Health / Small Talk,Political Ideology Spectrum & Media Bias,1.391304347826087,1.3333333333333333,0.05797101449275366,255.5,0.696853473101816,1.0,False,0.09989302902982113,Negligible
Personal Encouragement / Health / Small Talk,Columnist/Political Culture Commentary (Coyne etc.),1.391304347826087,1.0555555555555556,0.33574879227053134,268.0,0.027138151274731737,1.0,False,0.7224718988660715,Medium
Personal Encouragement / Health / Small Talk,Refugees & Immigration System,1.391304347826087,1.1923076923076923,0.19899665551839463,355.0,0.13773161376988605,1.0,False,0.3710727040160261,Small
Personal Encouragement / Health / Small Talk,Evidence vs Truth Debate (Kingwell Thread),1.391304347826087,1.04,0.3513043478260869,376.5,0.007032318473970875,1.0,False,0.8202305991482273,Large
Personal Encouragement / Health / Small Talk,"Consumer Prices, Markets & Groceries",1.391304347826087,1.1176470588235294,0.2736572890025575,248.5,0.04835794733300841,1.0,False,0.5031046778734818,Medium
Personal Encouragement / Health / Small Talk,Immigration Policy & Legal Process,1.391304347826087,1.1176470588235294,0.2736572890025575,241.5,0.0983081614619424,1.0,False,0.5548724001860357,Medium
Personal Encouragement / Health / Small Talk,"War, Terrorism & Security (Syria/ISIS)",1.391304347826087,1.2448979591836735,0.1464063886424134,627.5,0.3241574407354656,1.0,False,0.301195203982988,Small
Personal Encouragement / Health / Small Talk,Justin Trudeau & Canadian Federal Leadership,1.391304347826087,1.103448275862069,0.28785607196401797,416.5,0.032081593014689824,1.0,False,0.6383287734006131,Medium
Personal Encouragement / Health / Small Talk,Toronto Politics (Rob Ford / Mayor Drama),1.391304347826087,1.5151515151515151,-0.12384716732542822,356.0,0.653460621588074,1.0,False,-0.17944926809230669,Negligible
Personal Encouragement / Health / Small Talk,"Gender, Feminism & Relationships",1.391304347826087,1.4464285714285714,-0.05512422360248448,600.0,0.5839316576578923,1.0,False,-0.10017201773969071,Negligible
Personal Encouragement / Health / Small Talk,"Racism, Law & Policy Framing",1.391304347826087,1.4,-0.008695652173912993,222.0,0.8284621149173161,1.0,False,-0.01589006449092642,Negligible
Personal Encouragement / Health / Small Talk,"Animals, Food, Meat Ethics & Environment",1.391304347826087,1.3,0.09130434782608687,749.5,0.4466706002716433,1.0,False,0.1609143055996301,Negligible
Personal Encouragement / Health / Small Talk,Energy Tech (Solar/Wind/Nuclear/Power),1.391304347826087,1.2121212121212122,0.17918313570487476,448.5,0.12109456635802661,1.0,False,0.3194138283187558,Small
Personal Encouragement / Health / Small Talk,"Citizenship, Dual Citizenship & Niqab Ceremony",1.391304347826087,1.2608695652173914,0.13043478260869557,290.5,0.4841263560673671,1.0,False,0.25067348192701866,Small
Harper-era Conservatism & Government,Immigration Policy & Legal Process,1.1818181818181819,1.1176470588235294,0.06417112299465244,183.0,0.8505860853337979,1.0,False,0.11749150268141959,Negligible
Harper-era Conservatism & Government,"War, Terrorism & Security (Syria/ISIS)",1.1818181818181819,1.2448979591836735,-0.06307977736549164,462.0,0.1682189699687221,1.0,False,-0.12237329531452827,Negligible
Harper-era Conservatism & Government,Justin Trudeau & Canadian Federal Leadership,1.1818181818181819,1.103448275862069,0.07836990595611293,316.5,0.9411905565930955,1.0,False,0.15861290676324663,Negligible
Harper-era Conservatism & Government,Toronto Politics (Rob Ford / Mayor Drama),1.1818181818181819,1.5151515151515151,-0.33333333333333326,257.5,0.02063687365918949,1.0,False,-0.46262673383679326,Small
Harper-era Conservatism & Government,"Gender, Feminism & Relationships",1.1818181818181819,1.4464285714285714,-0.2646103896103895,419.5,0.008058909553449558,1.0,False,-0.46033386423873796,Small
Harper-era Conservatism & Government,"Racism, Law & Policy Framing",1.1818181818181819,1.4,-0.21818181818181803,156.0,0.030776016769231265,1.0,False,-0.367840391897362,Small
Harper-era Conservatism & Government,"Animals, Food, Meat Ethics & Environment",1.1818181818181819,1.3,-0.11818181818181817,551.0,0.11434701529559553,1.0,False,-0.20021929506209774,Small
Harper-era Conservatism & Government,Energy Tech (Solar/Wind/Nuclear/Power),1.1818181818181819,1.2121212121212122,-0.030303030303030276,342.5,0.5527156135736011,1.0,False,-0.05089617207959565,Negligible
Harper-era Conservatism & Government,"Citizenship, Dual Citizenship & Niqab Ceremony",1.1818181818181819,1.2608695652173914,-0.07905138339920947,213.0,0.17662971924081827,1.0,False,-0.14001172891563288,Negligible
Harper-era Conservatism & Government,"Canadian Culture, Language & Immigration Identity",1.1818181818181819,1.3214285714285714,-0.13961038961038952,241.5,0.07299804543011544,1.0,False,-0.24663915491491298,Small
Harper-era Conservatism & Government,Marijuana/Drugs/Alcohol Legalization Debate,1.1818181818181819,1.1923076923076923,-0.010489510489510412,259.5,0.3796608978661876,1.0,False,-0.019499600580206982,Negligible
Harper-era Conservatism & Government,"Education: Teachers, Schools & Kids",1.1818181818181819,1.1910112359550562,-0.009193054136874323,919.5,0.47396297406912624,1.0,False,-0.0172311164795689,Negligible
Harper-era Conservatism & Government,Climate Change & CO2 Debate,1.1818181818181819,1.1111111111111112,0.07070707070707072,877.5,0.845053140774629,1.0,False,0.17097911877893296,Negligible
Personal Encouragement / Health / Small Talk,"Vaccines, Vaccination & Disease Risk",1.391304347826087,1.3333333333333333,0.05797101449275366,177.5,0.8709377452903809,1.0,False,0.10578334177962548,Negligible
Personal Encouragement / Health / Small Talk,Fascism/Nazism/Confederate Symbols,1.391304347826087,1.5625,-0.17119565217391308,312.0,0.27904409730951996,1.0,False,-0.2833045765529695,Small
Personal Encouragement / Health / Small Talk,"Bullying, Civility & Editorial Disputes",1.391304347826087,1.4375,-0.04619565217391308,178.0,0.8519289543530957,1.0,False,-0.07671747676453088,Negligible
Climate Change & CO2 Debate,"Animals, Food, Meat Ethics & Environment",1.1111111111111112,1.3,-0.18888888888888888,2047.5,0.01612185224007214,1.0,False,-0.4317904112529327,Small
Climate Change & CO2 Debate,Energy Tech (Solar/Wind/Nuclear/Power),1.1111111111111112,1.2121212121212122,-0.101010101010101,1273.5,0.4926085635619899,1.0,False,-0.2554270381485998,Small
Climate Change & CO2 Debate,"Citizenship, Dual Citizenship & Niqab Ceremony",1.1111111111111112,1.2608695652173914,-0.1497584541062802,792.0,0.07361083024529648,1.0,False,-0.42891608742965864,Small
Climate Change & CO2 Debate,"Canadian Culture, Language & Immigration Identity",1.1111111111111112,1.3214285714285714,-0.21031746031746024,895.5,0.010273222167030227,1.0,False,-0.579225516534198,Medium
Climate Change & CO2 Debate,Marijuana/Drugs/Alcohol Legalization Debate,1.1111111111111112,1.1923076923076923,-0.08119658119658113,967.5,0.29052026124569374,1.0,False,-0.23979874081755562,Small
Climate Change & CO2 Debate,"Education: Teachers, Schools & Kids",1.1111111111111112,1.1910112359550562,-0.07990012484394504,3429.0,0.3571320624371839,1.0,False,-0.18986202635983215,Negligible
Harper-era Conservatism & Government,"Vaccines, Vaccination & Disease Risk",1.1818181818181819,1.3333333333333333,-0.15151515151515138,127.5,0.09255400551611584,1.0,False,-0.25246454204173874,Small
Harper-era Conservatism & Government,Fascism/Nazism/Confederate Symbols,1.1818181818181819,1.5625,-0.3806818181818181,215.0,0.0036276262970637552,1.0,False,-0.5969417524478781,Medium
Harper-era Conservatism & Government,"Bullying, Civility & Editorial Disputes",1.1818181818181819,1.4375,-0.2556818181818181,128.5,0.050379259627772566,1.0,False,-0.39335370455863977,Small
Harper-era Conservatism & Government,US Politics (Trump/Clinton/Obama),1.1818181818181819,1.5666666666666667,-0.3848484848484848,443.0,0.006750102159072812,1.0,False,-0.5311030521767847,Medium
Harper-era Conservatism & Government,Political Ideology Spectrum & Media Bias,1.1818181818181819,1.3333333333333333,-0.15151515151515138,188.5,0.13169473861610734,1.0,False,-0.24300325484295465,Small
Harper-era Conservatism & Government,Columnist/Political Culture Commentary (Coyne etc.),1.1818181818181819,1.0555555555555556,0.1262626262626263,205.5,0.6768736294866593,1.0,False,0.24350129232117748,Small
Harper-era Conservatism & Government,Refugees & Immigration System,1.1818181818181819,1.1923076923076923,-0.010489510489510412,269.5,0.5641825749382532,1.0,False,-0.018181498790705238,Negligible
Harper-era Conservatism & Government,Evidence vs Truth Debate (Kingwell Thread),1.1818181818181819,1.04,0.14181818181818184,289.5,0.4811439354994298,1.0,False,0.29740103147433833,Small
Harper-era Conservatism & Government,"Consumer Prices, Markets & Groceries",1.1818181818181819,1.1176470588235294,0.06417112299465244,193.0,0.7360614059208398,1.0,False,0.10810466969646967,Negligible
Climate Change & CO2 Debate,"Vaccines, Vaccination & Disease Risk",1.1111111111111112,1.3333333333333333,-0.2222222222222221,472.5,0.02641806489213241,1.0,False,-0.6399891066611053,Medium
Climate Change & CO2 Debate,"Bullying, Civility & Editorial Disputes",1.1111111111111112,1.4375,-0.32638888888888884,472.5,0.006653024184784483,1.0,False,-0.8521277886887328,Large
Climate Change & CO2 Debate,Political Ideology Spectrum & Media Bias,1.1111111111111112,1.3333333333333333,-0.2222222222222221,697.5,0.039810954842311085,1.0,False,-0.5802588531856591,Medium
Climate Change & CO2 Debate,Columnist/Political Culture Commentary (Coyne etc.),1.1111111111111112,1.0555555555555556,0.05555555555555558,769.5,0.4869104167937749,1.0,False,0.18295179572312512,Negligible
Climate Change & CO2 Debate,Refugees & Immigration System,1.1111111111111112,1.1923076923076923,-0.08119658119658113,1003.5,0.5296290392059662,1.0,False,-0.2220611756915689,Small
Climate Change & CO2 Debate,Evidence vs Truth Debate (Kingwell Thread),1.1111111111111112,1.04,0.07111111111111112,1084.5,0.29328099635881466,1.0,False,0.2422702733757323,Small
Climate Change & CO2 Debate,"Consumer Prices, Markets & Groceries",1.1111111111111112,1.1176470588235294,-0.006535947712418277,720.0,0.5792880654022372,1.0,False,-0.0186704011203734,Negligible
Climate Change & CO2 Debate,Immigration Policy & Legal Process,1.1111111111111112,1.1176470588235294,-0.006535947712418277,684.0,0.9452792431133402,1.0,False,-0.020493427626884712,Negligible
Climate Change & CO2 Debate,"War, Terrorism & Security (Syria/ISIS)",1.1111111111111112,1.2448979591836735,-0.13378684807256236,1719.0,0.045810591577922305,1.0,False,-0.3664488037412901,Small
Climate Change & CO2 Debate,Justin Trudeau & Canadian Federal Leadership,1.1111111111111112,1.103448275862069,0.00766283524904221,1183.5,0.9149582311373626,1.0,False,0.02435676007222997,Negligible
Climate Change & CO2 Debate,"Racism, Law & Policy Framing",1.1111111111111112,1.4,-0.28888888888888875,576.0,0.0021377067930469394,1.0,False,-0.8034215027686964,Large
"Education: Teachers, Schools & Kids",Political Ideology Spectrum & Media Bias,1.1910112359550562,1.3333333333333333,-0.14232209737827706,814.0,0.17301564258969615,1.0,False,-0.277444540051678,Small
"Education: Teachers, Schools & Kids",Columnist/Political Culture Commentary (Coyne etc.),1.1910112359550562,1.0555555555555556,0.13545568039950062,883.5,0.2567537822117031,1.0,False,0.291343422809059,Small
"Education: Teachers, Schools & Kids",Refugees & Immigration System,1.1910112359550562,1.1923076923076923,-0.0012964563526360884,1158.5,0.991540788900579,1.0,False,-0.0026142247437733416,Negligible
"Education: Teachers, Schools & Kids",Evidence vs Truth Debate (Kingwell Thread),1.1910112359550562,1.04,0.15101123595505617,1244.0,0.12591331476219367,1.0,False,0.3353380612353114,Small
"Education: Teachers, Schools & Kids","Consumer Prices, Markets & Groceries",1.1910112359550562,1.1176470588235294,0.07336417713152676,825.5,0.32955254267143763,1.0,False,0.14810902812013405,Negligible
"Education: Teachers, Schools & Kids",Immigration Policy & Legal Process,1.1910112359550562,1.1176470588235294,0.07336417713152676,788.5,0.6623201303251487,1.0,False,0.15427835756447317,Negligible
"Education: Teachers, Schools & Kids","War, Terrorism & Security (Syria/ISIS)",1.1910112359550562,1.2448979591836735,-0.05388672322861732,2001.5,0.2416979782251698,1.0,False,-0.11320795745483388,Negligible
"Education: Teachers, Schools & Kids",Justin Trudeau & Canadian Federal Leadership,1.1910112359550562,1.103448275862069,0.08756296009298725,1363.0,0.45992375661286533,1.0,False,0.19075544157449142,Negligible
"Education: Teachers, Schools & Kids",Toronto Politics (Rob Ford / Mayor Drama),1.1910112359550562,1.5151515151515151,-0.32414027919645894,1113.5,0.004684740663951647,1.0,False,-0.5614608877726824,Medium
"Education: Teachers, Schools & Kids","Racism, Law & Policy Framing",1.1910112359550562,1.4,-0.2089887640449437,682.0,0.019719236402760472,1.0,False,-0.41952668535713705,Small
"Education: Teachers, Schools & Kids","Animals, Food, Meat Ethics & Environment",1.1910112359550562,1.3,-0.10898876404494384,2386.5,0.1156168041229806,1.0,False,-0.20801924182795184,Small
"Education: Teachers, Schools & Kids",Energy Tech (Solar/Wind/Nuclear/Power),1.1910112359550562,1.2121212121212122,-0.021109976166155953,1469.0,1.0,1.0,False,-0.04135505365693494,Negligible
"Education: Teachers, Schools & Kids","Citizenship, Dual Citizenship & Niqab Ceremony",1.1910112359550562,1.2608695652173914,-0.06985832926233515,923.5,0.28084708002079706,1.0,False,-0.14317485689399748,Negligible
"Education: Teachers, Schools & Kids","Canadian Culture, Language & Immigration Identity",1.1910112359550562,1.3214285714285714,-0.1304173354735152,1050.5,0.07088937101158399,1.0,False,-0.26496838729046,Small
"Education: Teachers, Schools & Kids",Marijuana/Drugs/Alcohol Legalization Debate,1.1910112359550562,1.1923076923076923,-0.0012964563526360884,1121.5,0.7164300343193659,1.0,False,-0.0027136932439627472,Negligible
Political Scandal & Corruption (Senate/PMO),Canadian Party Politics & Electoral Reform,1.2222222222222223,1.0769230769230769,0.14529914529914545,1048.0,0.16181503052845203,1.0,False,0.3328777140179494,Small
Political Scandal & Corruption (Senate/PMO),Debate About Terms / Argumentation Style,1.2222222222222223,1.3,-0.07777777777777772,2387.0,0.45202683612808114,1.0,False,-0.14709045166629373,Negligible
Political Scandal & Corruption (Senate/PMO),Israel–Palestine / Middle East Politics,1.2222222222222223,1.5185185185185186,-0.2962962962962963,1404.0,0.0010313027851250535,1.0,False,-0.5504692711499307,Medium
Political Scandal & Corruption (Senate/PMO),"Voting, Elections, Polls & Referendums",1.2222222222222223,1.1046511627906976,0.11757105943152468,3383.0,0.10188081078877206,1.0,False,0.2966584939713387,Small
Political Scandal & Corruption (Senate/PMO),"Healthcare System: Doctors, Hospitals & Patients",1.2222222222222223,1.196969696969697,0.025252525252525304,2411.0,0.8285007382212782,1.0,False,0.054795742371194854,Negligible
"Taxes, Pensions & Public Finances","Vaccines, Vaccination & Disease Risk",1.1466666666666667,1.3333333333333333,-0.18666666666666654,1345.0,0.02782655253075061,1.0,False,-0.43666049641263,Small
"Taxes, Pensions & Public Finances","Bullying, Civility & Editorial Disputes",1.1466666666666667,1.4375,-0.2908333333333333,1347.5,0.005465894788148735,1.0,False,-0.6622232813498095,Medium
"Taxes, Pensions & Public Finances",Political Ideology Spectrum & Media Bias,1.1466666666666667,1.3333333333333333,-0.18666666666666654,1980.0,0.040729896287044334,1.0,False,-0.4261034627551219,Small
"Taxes, Pensions & Public Finances",Columnist/Political Culture Commentary (Coyne etc.),1.1466666666666667,1.0555555555555556,0.09111111111111114,2166.5,0.3820162580038744,1.0,False,0.22061522112054752,Small
"Taxes, Pensions & Public Finances",Refugees & Immigration System,1.1466666666666667,1.1923076923076923,-0.04564102564102557,2833.5,0.6535174417654949,1.0,False,-0.10595984447573475,Negligible
"Taxes, Pensions & Public Finances",Evidence vs Truth Debate (Kingwell Thread),1.1466666666666667,1.04,0.10666666666666669,3052.0,0.20944398507099093,1.0,False,0.26195579538840186,Small
"Taxes, Pensions & Public Finances","Consumer Prices, Markets & Groceries",1.1466666666666667,1.1176470588235294,0.029019607843137285,2026.5,0.46898031498679105,1.0,False,0.06783326620669693,Negligible
Marijuana/Drugs/Alcohol Legalization Debate,"Consumer Prices, Markets & Groceries",1.1923076923076923,1.1176470588235294,0.07466063348416285,248.0,0.27360785600127335,1.0,False,0.17113866362491448,Negligible
Marijuana/Drugs/Alcohol Legalization Debate,Immigration Policy & Legal Process,1.1923076923076923,1.1176470588235294,0.07466063348416285,237.5,0.5343440302238917,1.0,False,0.19844997514025184,Negligible
Marijuana/Drugs/Alcohol Legalization Debate,"War, Terrorism & Security (Syria/ISIS)",1.1923076923076923,1.2448979591836735,-0.05259026687598123,603.5,0.6124588892993488,1.0,False,-0.1241470377611393,Negligible
Marijuana/Drugs/Alcohol Legalization Debate,Justin Trudeau & Canadian Federal Leadership,1.1923076923076923,1.103448275862069,0.08885941644562334,410.5,0.36235854543607593,1.0,False,0.24939895728968642,Small
Marijuana/Drugs/Alcohol Legalization Debate,Toronto Politics (Rob Ford / Mayor Drama),1.1923076923076923,1.5151515151515151,-0.32284382284382285,335.0,0.0761994512800766,1.0,False,-0.5163731866807666,Medium
Marijuana/Drugs/Alcohol Legalization Debate,"Gender, Feminism & Relationships",1.1923076923076923,1.4464285714285714,-0.2541208791208791,553.5,0.03689371466495877,1.0,False,-0.5098022647854376,Medium
Marijuana/Drugs/Alcohol Legalization Debate,"Racism, Law & Policy Framing",1.1923076923076923,1.4,-0.20769230769230762,206.0,0.12858476106121555,1.0,False,-0.4634025421244459,Small
Marijuana/Drugs/Alcohol Legalization Debate,"Animals, Food, Meat Ethics & Environment",1.1923076923076923,1.3,-0.10769230769230775,719.5,0.44916401889944313,1.0,False,-0.20744399687711218,Small
Marijuana/Drugs/Alcohol Legalization Debate,Energy Tech (Solar/Wind/Nuclear/Power),1.1923076923076923,1.2121212121212122,-0.019813519813519864,441.5,0.7786216679375598,1.0,False,-0.04063231063551661,Negligible
Marijuana/Drugs/Alcohol Legalization Debate,"Citizenship, Dual Citizenship & Niqab Ceremony",1.1923076923076923,1.2608695652173914,-0.06856187290969906,278.5,0.5793761715980876,1.0,False,-0.16147553850543653,Negligible
Marijuana/Drugs/Alcohol Legalization Debate,"Canadian Culture, Language & Immigration Identity",1.1923076923076923,1.3214285714285714,-0.1291208791208791,317.0,0.2889721432274821,1.0,False,-0.292320440265986,Small
"Education: Teachers, Schools & Kids","Vaccines, Vaccination & Disease Risk",1.1910112359550562,1.3333333333333333,-0.14232209737827706,555.0,0.12228165200664726,1.0,False,-0.286982543386787,Small
"Education: Teachers, Schools & Kids","Bullying, Civility & Editorial Disputes",1.1910112359550562,1.4375,-0.2464887640449438,556.5,0.042757661993007276,1.0,False,-0.4753919666045286,Small
"Canadian Culture, Language & Immigration Identity",Justin Trudeau & Canadian Federal Leadership,1.3214285714285714,1.103448275862069,0.21798029556650245,494.5,0.04670271766151985,1.0,False,0.545049908943687,Medium
"Canadian Culture, Language & Immigration Identity",Toronto Politics (Rob Ford / Mayor Drama),1.3214285714285714,1.5151515151515151,-0.19372294372294374,415.0,0.4240061534478403,1.0,False,-0.30155146543937794,Small
"Canadian Culture, Language & Immigration Identity","Gender, Feminism & Relationships",1.3214285714285714,1.4464285714285714,-0.125,695.5,0.3254212647066508,1.0,False,-0.24162118573555824,Small
"Canadian Culture, Language & Immigration Identity","Racism, Law & Policy Framing",1.3214285714285714,1.4,-0.07857142857142851,258.0,0.5873723067054823,1.0,False,-0.16135709433033538,Negligible
"Canadian Culture, Language & Immigration Identity","Animals, Food, Meat Ethics & Environment",1.3214285714285714,1.3,0.021428571428571352,881.5,0.6389401573467284,1.0,False,0.039978931386123226,Negligible
"Canadian Culture, Language & Immigration Identity",Energy Tech (Solar/Wind/Nuclear/Power),1.3214285714285714,1.2121212121212122,0.10930735930735924,531.5,0.17219088958882278,1.0,False,0.21242371504873434,Small
"Canadian Culture, Language & Immigration Identity","Citizenship, Dual Citizenship & Niqab Ceremony",1.3214285714285714,1.2608695652173914,0.060559006211180044,341.5,0.6486436360719643,1.0,False,0.13056200447020486,Negligible
Marijuana/Drugs/Alcohol Legalization Debate,"Vaccines, Vaccination & Disease Risk",1.1923076923076923,1.3333333333333333,-0.14102564102564097,167.5,0.3259894357652826,1.0,False,-0.3243723035407735,Small
Marijuana/Drugs/Alcohol Legalization Debate,Fascism/Nazism/Confederate Symbols,1.1923076923076923,1.5625,-0.3701923076923077,283.0,0.01364005936979184,1.0,False,-0.694446949152402,Medium
Marijuana/Drugs/Alcohol Legalization Debate,"Bullying, Civility & Editorial Disputes",1.1923076923076923,1.4375,-0.2451923076923077,167.5,0.17545996492203608,1.0,False,-0.490975084732024,Small
Marijuana/Drugs/Alcohol Legalization Debate,US Politics (Trump/Clinton/Obama),1.1923076923076923,1.5666666666666667,-0.37435897435897436,574.5,0.02276528002533822,1.0,False,-0.5658098157635871,Medium
Marijuana/Drugs/Alcohol Legalization Debate,Political Ideology Spectrum & Media Bias,1.1923076923076923,1.3333333333333333,-0.14102564102564097,245.0,0.4237875252229587,1.0,False,-0.2891401506463589,Small
Marijuana/Drugs/Alcohol Legalization Debate,Columnist/Political Culture Commentary (Coyne etc.),1.1923076923076923,1.0555555555555556,0.1367521367521367,266.0,0.2059821182637258,1.0,False,0.3970246024958975,Small
Marijuana/Drugs/Alcohol Legalization Debate,Refugees & Immigration System,1.1923076923076923,1.1923076923076923,0.0,348.5,0.780438732271807,1.0,False,0.0,Negligible
Marijuana/Drugs/Alcohol Legalization Debate,Evidence vs Truth Debate (Kingwell Thread),1.1923076923076923,1.04,0.15230769230769226,374.5,0.09809887413413608,1.0,False,0.47687186544126836,Small
"Citizenship, Dual Citizenship & Niqab Ceremony","Gender, Feminism & Relationships",1.2608695652173914,1.4464285714285714,-0.18555900621118004,533.0,0.15759823741472911,1.0,False,-0.361623751821809,Small
"Citizenship, Dual Citizenship & Niqab Ceremony","Racism, Law & Policy Framing",1.2608695652173914,1.4,-0.13913043478260856,198.0,0.3447794572249949,1.0,False,-0.29315731303494263,Small
"Citizenship, Dual Citizenship & Niqab Ceremony","Animals, Food, Meat Ethics & Environment",1.2608695652173914,1.3,-0.03913043478260869,683.0,0.931208210400467,1.0,False,-0.07337787387097292,Negligible
"Citizenship, Dual Citizenship & Niqab Ceremony",Energy Tech (Solar/Wind/Nuclear/Power),1.2608695652173914,1.2121212121212122,0.0487483530961792,415.0,0.3987042514719693,1.0,False,0.0959115146991524,Negligible
"Canadian Culture, Language & Immigration Identity","Vaccines, Vaccination & Disease Risk",1.3214285714285714,1.3333333333333333,-0.011904761904761862,207.5,0.9499444935219997,1.0,False,-0.024809367462016545,Negligible
"Canadian Culture, Language & Immigration Identity",Fascism/Nazism/Confederate Symbols,1.3214285714285714,1.5625,-0.2410714285714286,359.0,0.1287816402765875,1.0,False,-0.4329512685795896,Small
"Canadian Culture, Language & Immigration Identity","Bullying, Civility & Editorial Disputes",1.3214285714285714,1.4375,-0.1160714285714286,207.5,0.6363919264947333,1.0,False,-0.21674695818940298,Small
"Canadian Culture, Language & Immigration Identity",US Politics (Trump/Clinton/Obama),1.3214285714285714,1.5666666666666667,-0.24523809523809526,714.5,0.195720703326544,1.0,False,-0.36491766479476556,Small
"Canadian Culture, Language & Immigration Identity",Insults / Ad Hominem Flame Replies,1.3214285714285714,2.066666666666667,-0.7452380952380955,105.5,0.0029655396861681988,1.0,False,-1.1559687989801113,Large
"Canadian Culture, Language & Immigration Identity",Political Ideology Spectrum & Media Bias,1.3214285714285714,1.3333333333333333,-0.011904761904761862,300.0,0.8897765376601143,1.0,False,-0.022835442146127552,Negligible
"Canadian Culture, Language & Immigration Identity",Columnist/Political Culture Commentary (Coyne etc.),1.3214285714285714,1.0555555555555556,0.2658730158730158,319.0,0.036210736188361514,1.0,False,0.6641362056950771,Medium
"Canadian Culture, Language & Immigration Identity",Refugees & Immigration System,1.3214285714285714,1.1923076923076923,0.1291208791208791,420.5,0.19174718195826512,1.0,False,0.2671705475230998,Small
"Canadian Culture, Language & Immigration Identity",Evidence vs Truth Debate (Kingwell Thread),1.3214285714285714,1.04,0.28142857142857136,448.5,0.009990155515768555,1.0,False,0.7560166131065361,Medium
"Canadian Culture, Language & Immigration Identity","Consumer Prices, Markets & Groceries",1.3214285714285714,1.1176470588235294,0.20378151260504196,296.0,0.06237990661767798,1.0,False,0.42530428976993373,Small
"Canadian Culture, Language & Immigration Identity",Immigration Policy & Legal Process,1.3214285714285714,1.1176470588235294,0.20378151260504196,286.5,0.1312374732284482,1.0,False,0.4762781292886041,Small
"Canadian Culture, Language & Immigration Identity","War, Terrorism & Security (Syria/ISIS)",1.3214285714285714,1.2448979591836735,0.07653061224489788,738.5,0.47536826624966666,1.0,False,0.1701752512472666,Negligible
Energy Tech (Solar/Wind/Nuclear/Power),"Racism, Law & Policy Framing",1.2121212121212122,1.4,-0.18787878787878776,256.0,0.07184031347927662,1.0,False,-0.35462133722902894,Small
Energy Tech (Solar/Wind/Nuclear/Power),"Animals, Food, Meat Ethics & Environment",1.2121212121212122,1.3,-0.08787878787878789,888.5,0.2647309778562902,1.0,False,-0.15810097202163,Negligible
"Citizenship, Dual Citizenship & Niqab Ceremony","Vaccines, Vaccination & Disease Risk",1.2608695652173914,1.3333333333333333,-0.0724637681159419,160.0,0.6483450595075204,1.0,False,-0.15599630605120826,Negligible
"Citizenship, Dual Citizenship & Niqab Ceremony",Fascism/Nazism/Confederate Symbols,1.2608695652173914,1.5625,-0.30163043478260865,274.0,0.06295542374475765,1.0,False,-0.5437371527437894,Medium
"Citizenship, Dual Citizenship & Niqab Ceremony","Bullying, Civility & Editorial Disputes",1.2608695652173914,1.4375,-0.17663043478260865,160.0,0.4038799307582531,1.0,False,-0.33360244838552483,Small
"Citizenship, Dual Citizenship & Niqab Ceremony",US Politics (Trump/Clinton/Obama),1.2608695652173914,1.5666666666666667,-0.3057971014492753,550.0,0.09904688859731445,1.0,False,-0.45143019068932705,Small
"Citizenship, Dual Citizenship & Niqab Ceremony",Insults / Ad Hominem Flame Replies,1.2608695652173914,2.066666666666667,-0.8057971014492755,79.0,0.0017941221414342445,1.0,False,-1.233294052287852,Large
"Citizenship, Dual Citizenship & Niqab Ceremony",Political Ideology Spectrum & Media Bias,1.2608695652173914,1.3333333333333333,-0.0724637681159419,232.5,0.7965286471498387,1.0,False,-0.14094696197232084,Negligible
"Citizenship, Dual Citizenship & Niqab Ceremony",Columnist/Political Culture Commentary (Coyne etc.),1.2608695652173914,1.0555555555555556,0.20531400966183577,249.5,0.09055665283540634,1.0,False,0.5528291695614477,Medium
"Citizenship, Dual Citizenship & Niqab Ceremony",Refugees & Immigration System,1.2608695652173914,1.1923076923076923,0.06856187290969906,328.0,0.41460528463181257,1.0,False,0.1452415877371112,Negligible
"Citizenship, Dual Citizenship & Niqab Ceremony",Evidence vs Truth Debate (Kingwell Thread),1.2608695652173914,1.04,0.22086956521739132,351.0,0.03347011450479706,1.0,False,0.6449526294711625,Medium
"Citizenship, Dual Citizenship & Niqab Ceremony","Consumer Prices, Markets & Groceries",1.2608695652173914,1.1176470588235294,0.14322250639386191,232.0,0.1355039404396321,1.0,False,0.30832567262744437,Small
"Citizenship, Dual Citizenship & Niqab Ceremony",Immigration Policy & Legal Process,1.2608695652173914,1.1176470588235294,0.14322250639386191,223.5,0.2776374156780351,1.0,False,0.3545889020280755,Small
"Citizenship, Dual Citizenship & Niqab Ceremony","War, Terrorism & Security (Syria/ISIS)",1.2608695652173914,1.2448979591836735,0.015971606033717833,572.5,0.8911398450751842,1.0,False,0.03637432644180464,Negligible
"Citizenship, Dual Citizenship & Niqab Ceremony",Justin Trudeau & Canadian Federal Leadership,1.2608695652173914,1.103448275862069,0.1574212893553224,386.0,0.1437848877704466,1.0,False,0.4170356369148247,Small
"Citizenship, Dual Citizenship & Niqab Ceremony",Toronto Politics (Rob Ford / Mayor Drama),1.2608695652173914,1.5151515151515151,-0.2542819499341238,320.0,0.2362968386445925,1.0,False,-0.3923897301634625,Small
"Animals, Food, Meat Ethics & Environment","Racism, Law & Policy Framing",1.3,1.4,-0.09999999999999987,524.0,0.2918299631086593,1.0,False,-0.1825741858350551,Negligible
Energy Tech (Solar/Wind/Nuclear/Power),"Vaccines, Vaccination & Disease Risk",1.2121212121212122,1.3333333333333333,-0.1212121212121211,207.5,0.21374760841299567,1.0,False,-0.22935013966368242,Small
Energy Tech (Solar/Wind/Nuclear/Power),Fascism/Nazism/Confederate Symbols,1.2121212121212122,1.5625,-0.35037878787878785,355.0,0.005754372074418422,1.0,False,-0.6013137712753195,Medium
Energy Tech (Solar/Wind/Nuclear/Power),"Bullying, Civility & Editorial Disputes",1.2121212121212122,1.4375,-0.22537878787878785,208.5,0.10699250684415253,1.0,False,-0.39306145959537925,Small
Energy Tech (Solar/Wind/Nuclear/Power),US Politics (Trump/Clinton/Obama),1.2121212121212122,1.5666666666666667,-0.3545454545454545,718.5,0.008798177020556136,1.0,False,-0.5203398036860732,Medium
Energy Tech (Solar/Wind/Nuclear/Power),Political Ideology Spectrum & Media Bias,1.2121212121212122,1.3333333333333333,-0.1212121212121211,303.5,0.28224361571537504,1.0,False,-0.21728716053890154,Small
Energy Tech (Solar/Wind/Nuclear/Power),Columnist/Political Culture Commentary (Coyne etc.),1.2121212121212122,1.0555555555555556,0.15656565656565657,326.5,0.3066345825147341,1.0,False,0.33887309507332364,Small
Energy Tech (Solar/Wind/Nuclear/Power),Refugees & Immigration System,1.2121212121212122,1.1923076923076923,0.019813519813519864,429.5,1.0,1.0,False,0.0379300500900698,Negligible
Energy Tech (Solar/Wind/Nuclear/Power),Evidence vs Truth Debate (Kingwell Thread),1.2121212121212122,1.04,0.17212121212121212,459.5,0.16693961766557208,1.0,False,0.3979680917299313,Small
Energy Tech (Solar/Wind/Nuclear/Power),"Consumer Prices, Markets & Groceries",1.2121212121212122,1.1176470588235294,0.09447415329768272,305.0,0.3835885615540523,1.0,False,0.17961265033298252,Negligible
Energy Tech (Solar/Wind/Nuclear/Power),Immigration Policy & Legal Process,1.2121212121212122,1.1176470588235294,0.09447415329768272,292.0,0.7084832440627005,1.0,False,0.19488652975508247,Negligible
Energy Tech (Solar/Wind/Nuclear/Power),"War, Terrorism & Security (Syria/ISIS)",1.2121212121212122,1.2448979591836735,-0.032776747062461364,745.0,0.3975660539010034,1.0,False,-0.06801901627608266,Negligible
Energy Tech (Solar/Wind/Nuclear/Power),Justin Trudeau & Canadian Federal Leadership,1.2121212121212122,1.103448275862069,0.1086729362591432,504.5,0.5363202780724355,1.0,False,0.2409525763067442,Small
Energy Tech (Solar/Wind/Nuclear/Power),Toronto Politics (Rob Ford / Mayor Drama),1.2121212121212122,1.5151515151515151,-0.303030303030303,417.0,0.03666605791059008,1.0,False,-0.46013501191658746,Small
Energy Tech (Solar/Wind/Nuclear/Power),"Gender, Feminism & Relationships",1.2121212121212122,1.4464285714285714,-0.23430735930735924,689.5,0.015074028220721977,1.0,False,-0.43402882000283527,Small
"Racism, Law & Policy Framing","Gender, Feminism & Relationships",1.4,1.4464285714285714,-0.046428571428571486,540.0,0.7889146974915083,1.0,False,-0.08791315158068731,Negligible
"Animals, Food, Meat Ethics & Environment","Vaccines, Vaccination & Disease Risk",1.3,1.3333333333333333,-0.033333333333333215,422.5,0.6464622026641696,1.0,False,-0.060811799633547214,Negligible
"Animals, Food, Meat Ethics & Environment",Fascism/Nazism/Confederate Symbols,1.3,1.5625,-0.26249999999999996,729.0,0.02305206637939312,1.0,False,-0.45110610572438614,Small
"Animals, Food, Meat Ethics & Environment","Bullying, Civility & Editorial Disputes",1.3,1.4375,-0.13749999999999996,423.5,0.3660777105079067,1.0,False,-0.23878299861572308,Small
"Animals, Food, Meat Ethics & Environment",US Politics (Trump/Clinton/Obama),1.3,1.5666666666666667,-0.2666666666666666,1460.0,0.03350938971746918,1.0,False,-0.40430582912345375,Small
"Animals, Food, Meat Ethics & Environment",Political Ideology Spectrum & Media Bias,1.3,1.3333333333333333,-0.033333333333333215,613.5,0.8236340113342859,1.0,False,-0.05894111069078589,Negligible
"Animals, Food, Meat Ethics & Environment",Columnist/Political Culture Commentary (Coyne etc.),1.3,1.0555555555555556,0.24444444444444446,654.5,0.05911471430539706,1.0,False,0.48203137001415264,Small
"Animals, Food, Meat Ethics & Environment",Refugees & Immigration System,1.3,1.1923076923076923,0.10769230769230775,862.5,0.2935646734898223,1.0,False,0.19884630864907632,Negligible
"Animals, Food, Meat Ethics & Environment",Evidence vs Truth Debate (Kingwell Thread),1.3,1.04,0.26,920.5,0.018119680460099617,1.0,False,0.5355844618231761,Medium
"Animals, Food, Meat Ethics & Environment","Consumer Prices, Markets & Groceries",1.3,1.1176470588235294,0.1823529411764706,609.0,0.09329437420533118,1.0,False,0.33393489879333244,Small
"Animals, Food, Meat Ethics & Environment",Immigration Policy & Legal Process,1.3,1.1176470588235294,0.1823529411764706,587.0,0.2008407604900514,1.0,False,0.34994865854157436,Small
"Animals, Food, Meat Ethics & Environment","War, Terrorism & Security (Syria/ISIS)",1.3,1.2448979591836735,0.055102040816326525,1508.0,0.763124491196214,1.0,False,0.10837369286626708,Negligible
"Animals, Food, Meat Ethics & Environment",Justin Trudeau & Canadian Federal Leadership,1.3,1.103448275862069,0.1965517241379311,1013.5,0.07822393545782363,1.0,False,0.3973307439861886,Small
"Animals, Food, Meat Ethics & Environment",Toronto Politics (Rob Ford / Mayor Drama),1.3,1.5151515151515151,-0.2151515151515151,847.5,0.15879498747211096,1.0,False,-0.3381356843428183,Small
"Animals, Food, Meat Ethics & Environment","Gender, Feminism & Relationships",1.3,1.4464285714285714,-0.14642857142857135,1412.5,0.07440782027168202,1.0,False,-0.2664104053550103,Small
"Gender, Feminism & Relationships",Justin Trudeau & Canadian Federal Leadership,1.4464285714285714,1.103448275862069,0.34298029556650245,1077.5,0.002381724056264225,1.0,False,0.725910232942122,Medium
"Gender, Feminism & Relationships",Toronto Politics (Rob Ford / Mayor Drama),1.4464285714285714,1.5151515151515151,-0.06872294372294374,926.0,0.9882588168111753,1.0,False,-0.1097995833917796,Negligible
"Racism, Law & Policy Framing","Vaccines, Vaccination & Disease Risk",1.4,1.3333333333333333,0.06666666666666665,160.0,0.7052639830673098,1.0,False,0.13428621256572057,Negligible
"Racism, Law & Policy Framing",Fascism/Nazism/Confederate Symbols,1.4,1.5625,-0.1625000000000001,280.0,0.3966807087606439,1.0,False,-0.28138791804160707,Small
"Racism, Law & Policy Framing","Bullying, Civility & Editorial Disputes",1.4,1.4375,-0.03750000000000009,160.0,1.0,1.0,False,-0.06672969469184671,Negligible
"Racism, Law & Policy Framing",US Politics (Trump/Clinton/Obama),1.4,1.5666666666666667,-0.16666666666666674,552.0,0.5478317771550627,1.0,False,-0.2402633250500809,Small
"Racism, Law & Policy Framing",Insults / Ad Hominem Flame Replies,1.4,2.066666666666667,-0.666666666666667,84.0,0.016276781478476096,1.0,False,-0.9655068046526182,Large
"Racism, Law & Policy Framing",Political Ideology Spectrum & Media Bias,1.4,1.3333333333333333,0.06666666666666665,230.0,0.5382612468494219,1.0,False,0.12294827802684928,Negligible
"Racism, Law & Policy Framing",Columnist/Political Culture Commentary (Coyne etc.),1.4,1.0555555555555556,0.34444444444444433,242.0,0.01465424950834227,1.0,False,0.8622762373379864,Large
"Racism, Law & Policy Framing",Refugees & Immigration System,1.4,1.1923076923076923,0.20769230769230762,320.0,0.08416250538209216,1.0,False,0.4184686516902467,Small
"Racism, Law & Policy Framing",Evidence vs Truth Debate (Kingwell Thread),1.4,1.04,0.3599999999999999,340.0,0.003177750055662505,1.0,False,0.9836157786452996,Large
"Racism, Law & Policy Framing","Consumer Prices, Markets & Groceries",1.4,1.1176470588235294,0.2823529411764705,224.0,0.028898628396888542,1.0,False,0.5707817929853927,Medium
"Racism, Law & Policy Framing",Immigration Policy & Legal Process,1.4,1.1176470588235294,0.2823529411764705,218.0,0.05993379507602401,1.0,False,0.6519566230434125,Medium
"Racism, Law & Policy Framing","War, Terrorism & Security (Syria/ISIS)",1.4,1.2448979591836735,0.1551020408163264,566.0,0.2038746556971981,1.0,False,0.34099979271724745,Small
"Racism, Law & Policy Framing",Justin Trudeau & Canadian Federal Leadership,1.4,1.103448275862069,0.29655172413793096,376.0,0.01612362589905298,1.0,False,0.7428796655569028,Medium
"Racism, Law & Policy Framing",Toronto Politics (Rob Ford / Mayor Drama),1.4,1.5151515151515151,-0.11515151515151523,320.0,0.8395141614603345,1.0,False,-0.17131313419546781,Negligible
Toronto Politics (Rob Ford / Mayor Drama),"Consumer Prices, Markets & Groceries",1.5151515151515151,1.1176470588235294,0.3975044563279857,370.0,0.020497478615196,1.0,False,0.5870578703865512,Medium
Toronto Politics (Rob Ford / Mayor Drama),Immigration Policy & Legal Process,1.5151515151515151,1.1176470588235294,0.3975044563279857,361.0,0.04109052179848581,1.0,False,0.6157015148249143,Medium
Toronto Politics (Rob Ford / Mayor Drama),"War, Terrorism & Security (Syria/ISIS)",1.5151515151515151,1.2448979591836735,0.2702535559678416,947.0,0.10417852654352815,1.0,False,0.46260046667700083,Small
Toronto Politics (Rob Ford / Mayor Drama),Justin Trudeau & Canadian Federal Leadership,1.5151515151515151,1.103448275862069,0.4117032392894462,622.0,0.008208429519328644,1.0,False,0.6970336143006172,Medium
"Gender, Feminism & Relationships","Vaccines, Vaccination & Disease Risk",1.4464285714285714,1.3333333333333333,0.11309523809523814,462.5,0.4892079619693521,1.0,False,0.21454981433761686,Small
"Gender, Feminism & Relationships",Fascism/Nazism/Confederate Symbols,1.4464285714285714,1.5625,-0.1160714285714286,816.0,0.4299765796214555,1.0,False,-0.20446675770736866,Small
"Gender, Feminism & Relationships","Bullying, Civility & Editorial Disputes",1.4464285714285714,1.4375,0.008928571428571397,463.0,0.8197406657238426,1.0,False,0.01600789063323533,Negligible
"Gender, Feminism & Relationships",US Politics (Trump/Clinton/Obama),1.4464285714285714,1.5666666666666667,-0.12023809523809526,1600.5,0.6184898196568158,1.0,False,-0.1842038710649869,Negligible
"Gender, Feminism & Relationships",Insults / Ad Hominem Flame Replies,1.4464285714285714,2.066666666666667,-0.6202380952380955,249.0,0.007040122682148028,1.0,False,-0.9957207404898615,Large
"Gender, Feminism & Relationships",Political Ideology Spectrum & Media Bias,1.4464285714285714,1.3333333333333333,0.11309523809523814,663.0,0.31681411664663073,1.0,False,0.20645540306075602,Small
"Gender, Feminism & Relationships",Columnist/Political Culture Commentary (Coyne etc.),1.4464285714285714,1.0555555555555556,0.3908730158730158,692.5,0.003957888319086298,1.0,False,0.8095761280874293,Large
"Gender, Feminism & Relationships",Refugees & Immigration System,1.4464285714285714,1.1923076923076923,0.2541208791208791,918.0,0.022280841968734512,1.0,False,0.48594155850159687,Small
"Gender, Feminism & Relationships","Consumer Prices, Markets & Groceries",1.4464285714285714,1.1176470588235294,0.32878151260504196,640.5,0.009681151138018896,1.0,False,0.6256973414384982,Medium
"Gender, Feminism & Relationships",Immigration Policy & Legal Process,1.4464285714285714,1.1176470588235294,0.32878151260504196,625.0,0.019909503194730956,1.0,False,0.6602843248319791,Medium
"Gender, Feminism & Relationships","War, Terrorism & Security (Syria/ISIS)",1.4464285714285714,1.2448979591836735,0.20153061224489788,1630.0,0.04476827430085535,1.0,False,0.4098788544483783,Small
Justin Trudeau & Canadian Federal Leadership,Political Ideology Spectrum & Media Bias,1.103448275862069,1.3333333333333333,-0.2298850574712643,247.5,0.09584036578582476,1.0,False,-0.5206894587917281,Medium
Justin Trudeau & Canadian Federal Leadership,Columnist/Political Culture Commentary (Coyne etc.),1.103448275862069,1.0555555555555556,0.04789272030651337,273.5,0.5869654802384174,1.0,False,0.16853004960491547,Negligible
Justin Trudeau & Canadian Federal Leadership,Refugees & Immigration System,1.103448275862069,1.1923076923076923,-0.08885941644562334,356.5,0.5596763319139205,1.0,False,-0.21896823571884327,Small
Justin Trudeau & Canadian Federal Leadership,Evidence vs Truth Debate (Kingwell Thread),1.103448275862069,1.04,0.06344827586206891,385.5,0.38960565343049025,1.0,False,0.23949451985870995,Small
Justin Trudeau & Canadian Federal Leadership,"Consumer Prices, Markets & Groceries",1.103448275862069,1.1176470588235294,-0.014198782961460488,256.0,0.6750400180802555,1.0,False,-0.03707241097640326,Negligible
Justin Trudeau & Canadian Federal Leadership,Immigration Policy & Legal Process,1.103448275862069,1.1176470588235294,-0.014198782961460488,243.0,0.8992515950177256,1.0,False,-0.04462567011905379,Negligible
Justin Trudeau & Canadian Federal Leadership,"War, Terrorism & Security (Syria/ISIS)",1.103448275862069,1.2448979591836735,-0.14144968332160457,610.0,0.12990513905997478,1.0,False,-0.35972745589030297,Small
Toronto Politics (Rob Ford / Mayor Drama),"Vaccines, Vaccination & Disease Risk",1.5151515151515151,1.3333333333333333,0.18181818181818188,270.0,0.565646167557235,1.0,False,0.26548084999870863,Small
Toronto Politics (Rob Ford / Mayor Drama),Fascism/Nazism/Confederate Symbols,1.5151515151515151,1.5625,-0.04734848484848486,484.0,0.5180153386078596,1.0,False,-0.0684805827760981,Negligible
Toronto Politics (Rob Ford / Mayor Drama),"Bullying, Civility & Editorial Disputes",1.5151515151515151,1.4375,0.07765151515151514,272.0,0.852723978456854,1.0,False,0.10826084068647884,Negligible
Toronto Politics (Rob Ford / Mayor Drama),US Politics (Trump/Clinton/Obama),1.5151515151515151,1.5666666666666667,-0.051515151515151514,946.5,0.6946002682471901,1.0,False,-0.06882937615489852,Negligible
Toronto Politics (Rob Ford / Mayor Drama),Insults / Ad Hominem Flame Replies,1.5151515151515151,2.066666666666667,-0.5515151515151517,154.5,0.023900759471475155,1.0,False,-0.692508794501311,Medium
Toronto Politics (Rob Ford / Mayor Drama),Political Ideology Spectrum & Media Bias,1.5151515151515151,1.3333333333333333,0.18181818181818188,387.0,0.3983964666104607,1.0,False,0.2626999822803817,Small
Toronto Politics (Rob Ford / Mayor Drama),Columnist/Political Culture Commentary (Coyne etc.),1.5151515151515151,1.0555555555555556,0.45959595959595956,399.0,0.010313640246835116,1.0,False,0.7344668358697127,Medium
Toronto Politics (Rob Ford / Mayor Drama),Refugees & Immigration System,1.5151515151515151,1.1923076923076923,0.32284382284382285,532.0,0.04840357011251326,1.0,False,0.49464958158036554,Small
Toronto Politics (Rob Ford / Mayor Drama),Evidence vs Truth Debate (Kingwell Thread),1.5151515151515151,1.04,0.4751515151515151,560.0,0.001978515337145467,1.0,False,0.8114244723458903,Large
"War, Terrorism & Security (Syria/ISIS)","Vaccines, Vaccination & Disease Risk",1.2448979591836735,1.3333333333333333,-0.08843537414965974,335.0,0.507409099596124,1.0,False,-0.1977909167337699,Negligible
"War, Terrorism & Security (Syria/ISIS)",Fascism/Nazism/Confederate Symbols,1.2448979591836735,1.5625,-0.3176020408163265,572.0,0.013687437387027879,1.0,False,-0.6169467018346989,Medium
"War, Terrorism & Security (Syria/ISIS)","Bullying, Civility & Editorial Disputes",1.2448979591836735,1.4375,-0.19260204081632648,335.0,0.26832412648415804,1.0,False,-0.39473350917773686,Small
"War, Terrorism & Security (Syria/ISIS)",US Politics (Trump/Clinton/Obama),1.2448979591836735,1.5666666666666667,-0.32176870748299313,1151.0,0.020446967993081225,1.0,False,-0.5148442033939787,Medium
"War, Terrorism & Security (Syria/ISIS)",Political Ideology Spectrum & Media Bias,1.2448979591836735,1.3333333333333333,-0.08843537414965974,487.5,0.654476913946165,1.0,False,-0.18388454369566784,Negligible
"War, Terrorism & Security (Syria/ISIS)",Columnist/Political Culture Commentary (Coyne etc.),1.2448979591836735,1.0555555555555556,0.18934240362811794,524.5,0.0865530893071971,1.0,False,0.4825935352551392,Small
"War, Terrorism & Security (Syria/ISIS)",Refugees & Immigration System,1.2448979591836735,1.1923076923076923,0.05259026687598123,689.0,0.41990841795761447,1.0,False,0.11563328038721961,Negligible
"War, Terrorism & Security (Syria/ISIS)",Evidence vs Truth Debate (Kingwell Thread),1.2448979591836735,1.04,0.20489795918367348,738.0,0.03022044083319884,1.0,False,0.549216385279824,Medium
"War, Terrorism & Security (Syria/ISIS)","Consumer Prices, Markets & Groceries",1.2448979591836735,1.1176470588235294,0.12725090036014408,488.0,0.13140534039410903,1.0,False,0.28425388684545405,Small
"War, Terrorism & Security (Syria/ISIS)",Immigration Policy & Legal Process,1.2448979591836735,1.1176470588235294,0.12725090036014408,469.5,0.27700556917340935,1.0,False,0.3093985229468419,Small
Justin Trudeau & Canadian Federal Leadership,"Vaccines, Vaccination & Disease Risk",1.103448275862069,1.3333333333333333,-0.2298850574712643,167.5,0.06663567967544523,1.0,False,-0.6070568598251777,Medium
Justin Trudeau & Canadian Federal Leadership,"Bullying, Civility & Editorial Disputes",1.103448275862069,1.4375,-0.33405172413793105,167.5,0.028931778282789814,1.0,False,-0.7457858526020533,Medium
Justin Trudeau & Canadian Federal Leadership,US Politics (Trump/Clinton/Obama),1.103448275862069,1.5666666666666667,-0.4632183908045977,572.5,0.0015950859931067533,1.0,False,-0.7259434995687768,Medium
"Consumer Prices, Markets & Groceries",US Politics (Trump/Clinton/Obama),1.1176470588235294,1.5666666666666667,-0.4490196078431372,328.0,0.008183792192585823,1.0,False,-0.6436668921509365,Medium
"Consumer Prices, Markets & Groceries",Political Ideology Spectrum & Media Bias,1.1176470588235294,1.3333333333333333,-0.21568627450980382,140.5,0.10264590735416855,1.0,False,-0.40068495092563056,Small
"Consumer Prices, Markets & Groceries",Columnist/Political Culture Commentary (Coyne etc.),1.1176470588235294,1.0555555555555556,0.06209150326797386,154.0,0.9672857342558446,1.0,False,0.16436822574841917,Negligible
"Consumer Prices, Markets & Groceries",Refugees & Immigration System,1.1176470588235294,1.1923076923076923,-0.07466063348416285,201.5,0.396298169119771,1.0,False,-0.15268641178082798,Negligible
"Consumer Prices, Markets & Groceries",Evidence vs Truth Debate (Kingwell Thread),1.1176470588235294,1.04,0.0776470588235294,217.0,0.7812243195471105,1.0,False,0.22592672988035672,Small
Immigration Policy & Legal Process,"Vaccines, Vaccination & Disease Risk",1.1176470588235294,1.3333333333333333,-0.21568627450980382,100.0,0.1546596125025813,1.0,False,-0.5232166435699432,Medium
Immigration Policy & Legal Process,Fascism/Nazism/Confederate Symbols,1.1176470588235294,1.5625,-0.44485294117647056,166.0,0.008644886646292713,1.0,False,-0.825777209087703,Large
Immigration Policy & Legal Process,"Bullying, Civility & Editorial Disputes",1.1176470588235294,1.4375,-0.31985294117647056,100.0,0.08639223986934756,1.0,False,-0.6416875805279314,Medium
Immigration Policy & Legal Process,US Politics (Trump/Clinton/Obama),1.1176470588235294,1.5666666666666667,-0.4490196078431372,342.0,0.015454874626814337,1.0,False,-0.6620621075177618,Medium
Immigration Policy & Legal Process,Political Ideology Spectrum & Media Bias,1.1176470588235294,1.3333333333333333,-0.21568627450980382,147.5,0.20631923324062895,1.0,False,-0.44568151290345476,Small
Immigration Policy & Legal Process,Columnist/Political Culture Commentary (Coyne etc.),1.1176470588235294,1.0555555555555556,0.06209150326797386,162.5,0.5402913746074198,1.0,False,0.21670682654664458,Small
Immigration Policy & Legal Process,Refugees & Immigration System,1.1176470588235294,1.1923076923076923,-0.07466063348416285,212.0,0.7254685895080618,1.0,False,-0.17113866362491448,Negligible
Immigration Policy & Legal Process,Evidence vs Truth Debate (Kingwell Thread),1.1176470588235294,1.04,0.0776470588235294,229.0,0.3581630881797745,1.0,False,0.29750563142818703,Small
Immigration Policy & Legal Process,"Consumer Prices, Markets & Groceries",1.1176470588235294,1.1176470588235294,0.0,152.0,0.6240645324651698,1.0,False,0.0,Negligible
Refugees & Immigration System,"Bullying, Civility & Editorial Disputes",1.1923076923076923,1.4375,-0.2451923076923077,163.0,0.12049233762787799,1.0,False,-0.4481069095265533,Small
Refugees & Immigration System,US Politics (Trump/Clinton/Obama),1.1923076923076923,1.5666666666666667,-0.37435897435897436,560.5,0.01430234414756778,1.0,False,-0.5510232685827096,Medium
Refugees & Immigration System,Political Ideology Spectrum & Media Bias,1.1923076923076923,1.3333333333333333,-0.14102564102564097,238.0,0.2999992676021379,1.0,False,-0.2654084914118497,Small
Refugees & Immigration System,Columnist/Political Culture Commentary (Coyne etc.),1.1923076923076923,1.0555555555555556,0.1367521367521367,257.5,0.3185961523026255,1.0,False,0.3353827092829444,Small
Evidence vs Truth Debate (Kingwell Thread),"Vaccines, Vaccination & Disease Risk",1.04,1.3333333333333333,-0.2933333333333332,132.5,0.013851432754447345,1.0,False,-0.8726817856268129,Large
Evidence vs Truth Debate (Kingwell Thread),"Bullying, Civility & Editorial Disputes",1.04,1.4375,-0.39749999999999996,132.5,0.006128233544183408,1.0,False,-0.945199714825457,Large
Evidence vs Truth Debate (Kingwell Thread),Political Ideology Spectrum & Media Bias,1.04,1.3333333333333333,-0.2933333333333332,197.5,0.022491102770790455,1.0,False,-0.7045638767423832,Medium
Evidence vs Truth Debate (Kingwell Thread),Columnist/Political Culture Commentary (Coyne etc.),1.04,1.0555555555555556,-0.015555555555555545,221.5,0.8395850087625198,1.0,False,-0.0721760815619929,Negligible
Evidence vs Truth Debate (Kingwell Thread),Refugees & Immigration System,1.04,1.1923076923076923,-0.15230769230769226,287.5,0.17632601473350407,1.0,False,-0.40301256613710323,Small
"Consumer Prices, Markets & Groceries","Vaccines, Vaccination & Disease Risk",1.1176470588235294,1.3333333333333333,-0.21568627450980382,95.0,0.07486995222542651,1.0,False,-0.4434186334581434,Small
"Consumer Prices, Markets & Groceries",Fascism/Nazism/Confederate Symbols,1.1176470588235294,1.5625,-0.44485294117647056,159.0,0.0046854172860866464,1.0,False,-0.7711717368935411,Medium
"Consumer Prices, Markets & Groceries","Bullying, Civility & Editorial Disputes",1.1176470588235294,1.4375,-0.31985294117647056,95.5,0.043153527933674184,1.0,False,-0.5717365443518386,Medium
"Taxes, Pensions & Public Finances",Immigration Policy & Legal Process,1.1466666666666667,1.1176470588235294,0.029019607843137285,1929.5,0.9173585229707475,1.0,False,0.06943239529033238,Negligible
"Taxes, Pensions & Public Finances","War, Terrorism & Security (Syria/ISIS)",1.1466666666666667,1.2448979591836735,-0.0982312925170068,4872.5,0.03771335329263142,1.0,False,-0.23091816819998323,Small
"Taxes, Pensions & Public Finances",Justin Trudeau & Canadian Federal Leadership,1.1466666666666667,1.103448275862069,0.04321839080459777,3337.0,0.7262084700425016,1.0,False,0.10480818423031346,Negligible
"Taxes, Pensions & Public Finances","Racism, Law & Policy Framing",1.1466666666666667,1.4,-0.2533333333333332,1646.0,0.0012115578331514567,1.0,False,-0.5889552847221381,Medium
"Taxes, Pensions & Public Finances","Animals, Food, Meat Ethics & Environment",1.1466666666666667,1.3,-0.15333333333333332,5806.5,0.00798606173415855,1.0,False,-0.33650296959162634,Small
"Taxes, Pensions & Public Finances",Energy Tech (Solar/Wind/Nuclear/Power),1.1466666666666667,1.2121212121212122,-0.06545454545454543,3595.0,0.6138967993319553,1.0,False,-0.14859020905174597,Negligible
"Taxes, Pensions & Public Finances","Citizenship, Dual Citizenship & Niqab Ceremony",1.1466666666666667,1.2608695652173914,-0.11420289855072463,2246.5,0.08147051866585828,1.0,False,-0.26822710035491926,Small
"Taxes, Pensions & Public Finances","Canadian Culture, Language & Immigration Identity",1.1466666666666667,1.3214285714285714,-0.17476190476190467,2547.5,0.0071384007990395815,1.0,False,-0.40704955999734377,Small
"Taxes, Pensions & Public Finances",Marijuana/Drugs/Alcohol Legalization Debate,1.1466666666666667,1.1923076923076923,-0.04564102564102557,2736.5,0.359956795812164,1.0,False,-0.10833068579644665,Negligible
"Taxes, Pensions & Public Finances","Education: Teachers, Schools & Kids",1.1466666666666667,1.1910112359550562,-0.04434456928838948,9682.5,0.441383900762671,1.0,False,-0.09954684124049103,Negligible
"Taxes, Pensions & Public Finances",Climate Change & CO2 Debate,1.1466666666666667,1.1111111111111112,0.03555555555555556,9252.0,0.7187028831211979,1.0,False,0.08933075849948294,Negligible
"Taxes, Pensions & Public Finances",Harper-era Conservatism & Government,1.1466666666666667,1.1818181818181819,-0.035151515151515156,2546.5,0.6951469903285976,1.0,False,-0.07825638924547362,Negligible
"Taxes, Pensions & Public Finances",Personal Encouragement / Health / Small Talk,1.1466666666666667,1.391304347826087,-0.2446376811594202,2012.0,0.004083440645983304,1.0,False,-0.5559208413526121,Medium
"Taxes, Pensions & Public Finances","Oil, Pipelines & Alberta Energy Industry",1.1466666666666667,1.0952380952380953,0.05142857142857138,7403.5,0.3281550582515613,1.0,False,0.1260770804634877,Negligible
US Politics (Trump/Clinton/Obama),"Bullying, Civility & Editorial Disputes",1.5666666666666667,1.4375,0.12916666666666665,516.5,0.6020674793520202,1.0,False,0.17867942511888713,Negligible
US Politics (Trump/Clinton/Obama),Fascism/Nazism/Confederate Symbols,1.5666666666666667,1.5625,0.004166666666666652,927.0,0.7647611336248892,1.0,False,0.005918368661584167,Negligible
US Politics (Trump/Clinton/Obama),"Vaccines, Vaccination & Disease Risk",1.5666666666666667,1.3333333333333333,0.2333333333333334,512.5,0.34775725055651585,1.0,False,0.33195958450156593,Small
"Bullying, Civility & Editorial Disputes",Fascism/Nazism/Confederate Symbols,1.4375,1.5625,-0.125,226.0,0.4648278781866214,1.0,False,-0.20087527770480482,Small
"Bullying, Civility & Editorial Disputes","Vaccines, Vaccination & Disease Risk",1.4375,1.3333333333333333,0.10416666666666674,127.5,0.7406045996726323,1.0,False,0.18423340512931718,Negligible
Fascism/Nazism/Confederate Symbols,"Vaccines, Vaccination & Disease Risk",1.5625,1.3333333333333333,0.22916666666666674,285.0,0.2455656996646045,1.0,False,0.3942002481181848,Small
"Taxes, Pensions & Public Finances",Political Scandal & Corruption (Senate/PMO),1.1466666666666667,1.2222222222222223,-0.0755555555555556,7534.0,0.14017262336616867,1.0,False,-0.1724853225291809,Negligible
"Taxes, Pensions & Public Finances",Outlier/Unassigned,1.1466666666666667,1.2665639445300463,-0.11989727786337956,,,,False,-0.22426723702290424,Small
"Taxes, Pensions & Public Finances",General Banter / Agreement Replies,1.1466666666666667,1.0802469135802468,0.0664197530864199,,,,False,0.174044908401208,Negligible
"Taxes, Pensions & Public Finances",Russia–Ukraine / NATO / Geopolitics,1.1466666666666667,1.346938775510204,-0.2002721088435373,,,,False,-0.4438697480759594,Small
"Taxes, Pensions & Public Finances",Quoted Conversation / Anecdotes (Name-Heavy Thread),1.1466666666666667,1.0526315789473684,0.09403508771929836,,,,False,0.2284837866912925,Small
Outlier/Unassigned,Political Scandal & Corruption (Senate/PMO),1.2665639445300463,1.2222222222222223,0.04434172230782396,,,,False,0.08187348204865104,Negligible
Outlier/Unassigned,"Healthcare System: Doctors, Hospitals & Patients",1.2665639445300463,1.196969696969697,0.06959424756034926,,,,False,0.12868541584123824,Negligible
Outlier/Unassigned,"Voting, Elections, Polls & Referendums",1.2665639445300463,1.1046511627906976,0.16191278173934864,,,,False,0.30136158570389593,Small
Outlier/Unassigned,Israel–Palestine / Middle East Politics,1.2665639445300463,1.5185185185185186,-0.2519545739884723,,,,False,-0.46274516749435474,Small
Outlier/Unassigned,Race & Racism Discourse (White/Black),1.2665639445300463,1.896551724137931,-0.6299877796078848,,,,False,-1.155106515097725,Large
Outlier/Unassigned,General Banter / Agreement Replies,1.2665639445300463,1.0802469135802468,0.18631703094979946,,,,False,0.34992424585846926,Small
Outlier/Unassigned,Debate About Terms / Argumentation Style,1.2665639445300463,1.3,-0.03343605546995376,,,,False,-0.06146869835315092,Negligible
Outlier/Unassigned,Canadian Party Politics & Electoral Reform,1.2665639445300463,1.0769230769230769,0.1896408676069694,,,,False,0.35040883120518834,Small
Outlier/Unassigned,"Parenting, Class & Family Life",1.2665639445300463,1.1714285714285715,0.0951353731014748,,,,False,0.17527654687480093,Negligible
Outlier/Unassigned,Canada Identity / Provinces / General National Talk,1.2665639445300463,1.2222222222222223,0.04434172230782396,,,,False,0.08084690765438918,Negligible
Outlier/Unassigned,Religion (Islam/Christianity) & Church Issues,1.2665639445300463,1.5858585858585859,-0.3192946413285396,,,,False,-0.5845249208886693,Medium
Outlier/Unassigned,"Cities, Transit & Urban Development",1.2665639445300463,1.1290322580645162,0.13753168646553005,,,,False,0.2546845783975791,Small
Outlier/Unassigned,Media & Journalism (Globe and Mail Commentary),1.2665639445300463,1.305263157894737,-0.03869921336469062,,,,False,-0.07069966476512766,Negligible
Outlier/Unassigned,"Police, Guns & Crime",1.2665639445300463,1.2136752136752136,0.0528887308548327,,,,False,0.09753149241129182,Negligible
Outlier/Unassigned,Praise/Feedback on Posts and Columns,1.2665639445300463,1.15,0.11656394453004637,,,,False,0.2143901018097904,Small
Outlier/Unassigned,Harper vs Trudeau Election Talk,1.2665639445300463,1.34,-0.0734360554699538,,,,False,-0.13459484610768063,Negligible
Outlier/Unassigned,Partisan Competence / Messaging (Liberal vs Conservative),1.2665639445300463,1.125,0.14156394453004628,,,,False,0.2610917786804432,Small
Outlier/Unassigned,"Oil, Pipelines & Alberta Energy Industry",1.2665639445300463,1.0952380952380953,0.17132584929195094,,,,False,0.3176406597706568,Small
Outlier/Unassigned,Personal Encouragement / Health / Small Talk,1.2665639445300463,1.391304347826087,-0.12474040329604064,,,,False,-0.2295170601231897,Small
Outlier/Unassigned,Harper-era Conservatism & Government,1.2665639445300463,1.1818181818181819,0.0847457627118644,,,,False,0.15571834486726577,Negligible
Outlier/Unassigned,Climate Change & CO2 Debate,1.2665639445300463,1.1111111111111112,0.15545283341893512,,,,False,0.2890789756375131,Small
Outlier/Unassigned,"Education: Teachers, Schools & Kids",1.2665639445300463,1.1910112359550562,0.07555270857499008,,,,False,0.1394735928462052,Negligible
Outlier/Unassigned,Marijuana/Drugs/Alcohol Legalization Debate,1.2665639445300463,1.1923076923076923,0.07425625222235399,,,,False,0.13701153636647606,Negligible
Outlier/Unassigned,"Canadian Culture, Language & Immigration Identity",1.2665639445300463,1.3214285714285714,-0.054864626898525115,,,,False,-0.10113456996754636,Negligible
Outlier/Unassigned,"Citizenship, Dual Citizenship & Niqab Ceremony",1.2665639445300463,1.2608695652173914,0.005694379312654929,,,,False,0.010498087665627973,Negligible
Outlier/Unassigned,Energy Tech (Solar/Wind/Nuclear/Power),1.2665639445300463,1.2121212121212122,0.05444273240883413,,,,False,0.10023151454315253,Negligible
Outlier/Unassigned,"Animals, Food, Meat Ethics & Environment",1.2665639445300463,1.3,-0.03343605546995376,,,,False,-0.061513376205854564,Negligible
Outlier/Unassigned,"Racism, Law & Policy Framing",1.2665639445300463,1.4,-0.13343605546995363,,,,False,-0.24580189279700765,Small
Outlier/Unassigned,"Gender, Feminism & Relationships",1.2665639445300463,1.4464285714285714,-0.17986462689852512,,,,False,-0.3312365826787668,Small
Outlier/Unassigned,Toronto Politics (Rob Ford / Mayor Drama),1.2665639445300463,1.5151515151515151,-0.24858757062146886,,,,False,-0.45510768041827987,Small
Outlier/Unassigned,Russia–Ukraine / NATO / Geopolitics,1.2665639445300463,1.346938775510204,-0.08037483098015774,,,,False,-0.14788977810513168,Negligible
Outlier/Unassigned,Justin Trudeau & Canadian Federal Leadership,1.2665639445300463,1.103448275862069,0.16311566866797733,,,,False,0.3014038034360623,Small
Outlier/Unassigned,"War, Terrorism & Security (Syria/ISIS)",1.2665639445300463,1.2448979591836735,0.021665985346372763,,,,False,0.040020958600308784,Negligible
Outlier/Unassigned,Immigration Policy & Legal Process,1.2665639445300463,1.1176470588235294,0.14891688570651684,,,,False,0.27470302811696923,Small
Outlier/Unassigned,"Consumer Prices, Markets & Groceries",1.2665639445300463,1.1176470588235294,0.14891688570651684,,,,False,0.27434598908122176,Small
Outlier/Unassigned,Evidence vs Truth Debate (Kingwell Thread),1.2665639445300463,1.04,0.22656394453004625,,,,False,0.41879528270225724,Small
Outlier/Unassigned,Refugees & Immigration System,1.2665639445300463,1.1923076923076923,0.07425625222235399,,,,False,0.13683398344260236,Negligible
Outlier/Unassigned,Columnist/Political Culture Commentary (Coyne etc.),1.2665639445300463,1.0555555555555556,0.2110083889744907,,,,False,0.3895241515573293,Small
Outlier/Unassigned,Political Ideology Spectrum & Media Bias,1.2665639445300463,1.3333333333333333,-0.06676938880328698,,,,False,-0.12287039979663675,Negligible
Outlier/Unassigned,Insults / Ad Hominem Flame Replies,1.2665639445300463,2.066666666666667,-0.8001027221366206,,,,False,-1.4666335025299893,Large
Outlier/Unassigned,US Politics (Trump/Clinton/Obama),1.2665639445300463,1.5666666666666667,-0.30010272213662037,,,,False,-0.5472028301391105,Medium
Outlier/Unassigned,Quoted Conversation / Anecdotes (Name-Heavy Thread),1.2665639445300463,1.0526315789473684,0.21393236558267792,,,,False,0.39505859404850174,Small
Outlier/Unassigned,"Bullying, Civility & Editorial Disputes",1.2665639445300463,1.4375,-0.17093605546995372,,,,False,-0.31440776149623706,Small
Outlier/Unassigned,Fascism/Nazism/Confederate Symbols,1.2665639445300463,1.5625,-0.2959360554699537,,,,False,-0.5439011691365025,Medium
Outlier/Unassigned,"Vaccines, Vaccination & Disease Risk",1.2665639445300463,1.3333333333333333,-0.06676938880328698,,,,False,-0.12299501336001524,Negligible
Political Scandal & Corruption (Senate/PMO),General Banter / Agreement Replies,1.2222222222222223,1.0802469135802468,0.1419753086419755,,,,False,0.38014282338569916,Small
Political Scandal & Corruption (Senate/PMO),Russia–Ukraine / NATO / Geopolitics,1.2222222222222223,1.346938775510204,-0.1247165532879817,,,,False,-0.24203839505454774,Small
Political Scandal & Corruption (Senate/PMO),Quoted Conversation / Anecdotes (Name-Heavy Thread),1.2222222222222223,1.0526315789473684,0.16959064327485396,,,,False,0.38520735496386865,Small
"Healthcare System: Doctors, Hospitals & Patients",General Banter / Agreement Replies,1.196969696969697,1.0802469135802468,0.11672278338945019,,,,False,0.32944429291517996,Small
"Healthcare System: Doctors, Hospitals & Patients",Russia–Ukraine / NATO / Geopolitics,1.196969696969697,1.346938775510204,-0.149969078540507,,,,False,-0.30338513610269796,Small
"Healthcare System: Doctors, Hospitals & Patients",Quoted Conversation / Anecdotes (Name-Heavy Thread),1.196969696969697,1.0526315789473684,0.14433811802232865,,,,False,0.3608534312728902,Small
"Voting, Elections, Polls & Referendums",General Banter / Agreement Replies,1.1046511627906976,1.0802469135802468,0.024404249210450812,,,,False,0.07810501821113733,Negligible
"Voting, Elections, Polls & Referendums",Russia–Ukraine / NATO / Geopolitics,1.1046511627906976,1.346938775510204,-0.24228761271950638,,,,False,-0.5788720785349948,Medium
"Voting, Elections, Polls & Referendums",Quoted Conversation / Anecdotes (Name-Heavy Thread),1.1046511627906976,1.0526315789473684,0.052019583843329276,,,,False,0.17626416985735854,Negligible
Israel–Palestine / Middle East Politics,General Banter / Agreement Replies,1.5185185185185186,1.0802469135802468,0.4382716049382718,,,,False,1.0780026989646958,Large
Israel–Palestine / Middle East Politics,Russia–Ukraine / NATO / Geopolitics,1.5185185185185186,1.346938775510204,0.17157974300831458,,,,False,0.29333569089657585,Small
Israel–Palestine / Middle East Politics,Quoted Conversation / Anecdotes (Name-Heavy Thread),1.5185185185185186,1.0526315789473684,0.46588693957115024,,,,False,0.8735064184297725,Large
Race & Racism Discourse (White/Black),General Banter / Agreement Replies,1.896551724137931,1.0802469135802468,0.8163048105576842,,,,False,2.029261342767392,Large
Race & Racism Discourse (White/Black),Russia–Ukraine / NATO / Geopolitics,1.896551724137931,1.346938775510204,0.549612948627727,,,,False,0.878968818183796,Large
Race & Racism Discourse (White/Black),Quoted Conversation / Anecdotes (Name-Heavy Thread),1.896551724137931,1.0526315789473684,0.8439201451905627,,,,False,1.4606413247610583,Large
General Banter / Agreement Replies,Debate About Terms / Argumentation Style,1.0802469135802468,1.3,-0.21975308641975322,,,,False,-0.5365028786777577,Medium
General Banter / Agreement Replies,Canadian Party Politics & Electoral Reform,1.0802469135802468,1.0769230769230769,0.003323836657169954,,,,False,0.01074259095304542,Negligible
General Banter / Agreement Replies,"Parenting, Class & Family Life",1.0802469135802468,1.1714285714285715,-0.09118165784832466,,,,False,-0.25516920870215676,Small
General Banter / Agreement Replies,Canada Identity / Provinces / General National Talk,1.0802469135802468,1.2222222222222223,-0.1419753086419755,,,,False,-0.29909537885072174,Small
General Banter / Agreement Replies,Religion (Islam/Christianity) & Church Issues,1.0802469135802468,1.5858585858585859,-0.505611672278339,,,,False,-1.108666879182172,Large
General Banter / Agreement Replies,"Cities, Transit & Urban Development",1.0802469135802468,1.1290322580645162,-0.04878534448426941,,,,False,-0.14563526271563623,Negligible
General Banter / Agreement Replies,Media & Journalism (Globe and Mail Commentary),1.0802469135802468,1.305263157894737,-0.22501624431449008,,,,False,-0.4802341786806718,Small
General Banter / Agreement Replies,"Police, Guns & Crime",1.0802469135802468,1.2136752136752136,-0.13342830009496676,,,,False,-0.3220678288679479,Small
General Banter / Agreement Replies,Praise/Feedback on Posts and Columns,1.0802469135802468,1.15,-0.06975308641975309,,,,False,-0.1831463327834102,Negligible
General Banter / Agreement Replies,Harper vs Trudeau Election Talk,1.0802469135802468,1.34,-0.25975308641975325,,,,False,-0.5791862923506241,Medium
General Banter / Agreement Replies,Partisan Competence / Messaging (Liberal vs Conservative),1.0802469135802468,1.125,-0.044753086419753174,,,,False,-0.14110020756918923,Negligible
General Banter / Agreement Replies,"Oil, Pipelines & Alberta Energy Industry",1.0802469135802468,1.0952380952380953,-0.014991181657848518,,,,False,-0.04629877233162346,Negligible
General Banter / Agreement Replies,Personal Encouragement / Health / Small Talk,1.0802469135802468,1.391304347826087,-0.3110574342458401,,,,False,-0.8697614050332307,Large
General Banter / Agreement Replies,Harper-era Conservatism & Government,1.0802469135802468,1.1818181818181819,-0.10157126823793505,,,,False,-0.2730175645076109,Small
General Banter / Agreement Replies,Climate Change & CO2 Debate,1.0802469135802468,1.1111111111111112,-0.030864197530864335,,,,False,-0.09789305056655644,Negligible
General Banter / Agreement Replies,"Education: Teachers, Schools & Kids",1.0802469135802468,1.1910112359550562,-0.11076432237480938,,,,False,-0.2848222884952478,Small
General Banter / Agreement Replies,Marijuana/Drugs/Alcohol Legalization Debate,1.0802469135802468,1.1923076923076923,-0.11206077872744546,,,,False,-0.341851371610125,Small
General Banter / Agreement Replies,"Canadian Culture, Language & Immigration Identity",1.0802469135802468,1.3214285714285714,-0.24118165784832457,,,,False,-0.7043045255450576,Medium
General Banter / Agreement Replies,"Citizenship, Dual Citizenship & Niqab Ceremony",1.0802469135802468,1.2608695652173914,-0.18062265163714453,,,,False,-0.5412562264843785,Medium
General Banter / Agreement Replies,Energy Tech (Solar/Wind/Nuclear/Power),1.0802469135802468,1.2121212121212122,-0.13187429854096533,,,,False,-0.363234196899066,Small
General Banter / Agreement Replies,"Animals, Food, Meat Ethics & Environment",1.0802469135802468,1.3,-0.21975308641975322,,,,False,-0.5549355221825568,Medium
General Banter / Agreement Replies,"Racism, Law & Policy Framing",1.0802469135802468,1.4,-0.3197530864197531,,,,False,-0.9419753936449609,Large
General Banter / Agreement Replies,"Gender, Feminism & Relationships",1.0802469135802468,1.4464285714285714,-0.36618165784832457,,,,False,-0.9551330690031071,Large
General Banter / Agreement Replies,Toronto Politics (Rob Ford / Mayor Drama),1.0802469135802468,1.5151515151515151,-0.4349046015712683,,,,False,-1.0343283131727696,Large
General Banter / Agreement Replies,Russia–Ukraine / NATO / Geopolitics,1.0802469135802468,1.346938775510204,-0.2666918619299572,,,,False,-0.6905337437236853,Medium
General Banter / Agreement Replies,Justin Trudeau & Canadian Federal Leadership,1.0802469135802468,1.103448275862069,-0.023201362281822124,,,,False,-0.07386541211693655,Negligible
General Banter / Agreement Replies,"War, Terrorism & Security (Syria/ISIS)",1.0802469135802468,1.2448979591836735,-0.1646510456034267,,,,False,-0.47609012769615355,Small
General Banter / Agreement Replies,Immigration Policy & Legal Process,1.0802469135802468,1.1176470588235294,-0.03740014524328261,,,,False,-0.11820124463741198,Negligible
General Banter / Agreement Replies,"Consumer Prices, Markets & Groceries",1.0802469135802468,1.1176470588235294,-0.03740014524328261,,,,False,-0.11207914780679985,Negligible
General Banter / Agreement Replies,Evidence vs Truth Debate (Kingwell Thread),1.0802469135802468,1.04,0.04024691358024679,,,,False,0.13306430901171185,Negligible
General Banter / Agreement Replies,Refugees & Immigration System,1.0802469135802468,1.1923076923076923,-0.11206077872744546,,,,False,-0.32601208939161735,Small
General Banter / Agreement Replies,Columnist/Political Culture Commentary (Coyne etc.),1.0802469135802468,1.0555555555555556,0.024691358024691246,,,,False,0.08012031055214432,Negligible
General Banter / Agreement Replies,Political Ideology Spectrum & Media Bias,1.0802469135802468,1.3333333333333333,-0.25308641975308643,,,,False,-0.7162684750604911,Medium
General Banter / Agreement Replies,Insults / Ad Hominem Flame Replies,1.0802469135802468,2.066666666666667,-0.98641975308642,,,,False,-2.5189689565883158,Large
General Banter / Agreement Replies,US Politics (Trump/Clinton/Obama),1.0802469135802468,1.5666666666666667,-0.4864197530864198,,,,False,-1.0352502407273132,Large
General Banter / Agreement Replies,Quoted Conversation / Anecdotes (Name-Heavy Thread),1.0802469135802468,1.0526315789473684,0.027615334632878463,,,,False,0.08996058464687498,Negligible
General Banter / Agreement Replies,"Bullying, Civility & Editorial Disputes",1.0802469135802468,1.4375,-0.3572530864197532,,,,False,-1.0134829107663308,Large
General Banter / Agreement Replies,Fascism/Nazism/Confederate Symbols,1.0802469135802468,1.5625,-0.4822530864197532,,,,False,-1.267684559214495,Large
General Banter / Agreement Replies,"Vaccines, Vaccination & Disease Risk",1.0802469135802468,1.3333333333333333,-0.25308641975308643,,,,False,-0.7625087831956422,Medium
Debate About Terms / Argumentation Style,Russia–Ukraine / NATO / Geopolitics,1.3,1.346938775510204,-0.04693877551020398,,,,False,-0.08258768687781072,Negligible
Debate About Terms / Argumentation Style,Quoted Conversation / Anecdotes (Name-Heavy Thread),1.3,1.0526315789473684,0.24736842105263168,,,,False,0.47666297590549883,Small
Canadian Party Politics & Electoral Reform,Russia–Ukraine / NATO / Geopolitics,1.0769230769230769,1.346938775510204,-0.27001569858712715,,,,False,-0.5590478697166982,Medium
Canadian Party Politics & Electoral Reform,Quoted Conversation / Anecdotes (Name-Heavy Thread),1.0769230769230769,1.0526315789473684,0.02429149797570851,,,,False,0.09551057276595692,Negligible
"Parenting, Class & Family Life",Russia–Ukraine / NATO / Geopolitics,1.1714285714285715,1.346938775510204,-0.17551020408163254,,,,False,-0.3237818321584614,Small
"Parenting, Class & Family Life",Quoted Conversation / Anecdotes (Name-Heavy Thread),1.1714285714285715,1.0526315789473684,0.11879699248120312,,,,False,0.2738827560573511,Small
Canada Identity / Provinces / General National Talk,Russia–Ukraine / NATO / Geopolitics,1.2222222222222223,1.346938775510204,-0.1247165532879817,,,,False,-0.1897115683867696,Negligible
Canada Identity / Provinces / General National Talk,Quoted Conversation / Anecdotes (Name-Heavy Thread),1.2222222222222223,1.0526315789473684,0.16959064327485396,,,,False,0.26292352518338286,Small
Religion (Islam/Christianity) & Church Issues,Russia–Ukraine / NATO / Geopolitics,1.5858585858585859,1.346938775510204,0.23891981034838183,,,,False,0.396269209074406,Small
Religion (Islam/Christianity) & Church Issues,Quoted Conversation / Anecdotes (Name-Heavy Thread),1.5858585858585859,1.0526315789473684,0.5332270069112175,,,,False,0.923337154337225,Large
"Cities, Transit & Urban Development",Russia–Ukraine / NATO / Geopolitics,1.1290322580645162,1.346938775510204,-0.2179065174456878,,,,False,-0.4628182213358075,Small
"Cities, Transit & Urban Development",Quoted Conversation / Anecdotes (Name-Heavy Thread),1.1290322580645162,1.0526315789473684,0.07640067911714787,,,,False,0.2164431369865613,Small
Media & Journalism (Globe and Mail Commentary),Russia–Ukraine / NATO / Geopolitics,1.305263157894737,1.346938775510204,-0.04167561761546712,,,,False,-0.06685796828673916,Negligible
Media & Journalism (Globe and Mail Commentary),Quoted Conversation / Anecdotes (Name-Heavy Thread),1.305263157894737,1.0526315789473684,0.25263157894736854,,,,False,0.4186545596839299,Small
"Police, Guns & Crime",Russia–Ukraine / NATO / Geopolitics,1.2136752136752136,1.346938775510204,-0.13326356183499044,,,,False,-0.24949348545330763,Small
"Police, Guns & Crime",Quoted Conversation / Anecdotes (Name-Heavy Thread),1.2136752136752136,1.0526315789473684,0.16104363472784522,,,,False,0.3274272799002402,Small
Praise/Feedback on Posts and Columns,Russia–Ukraine / NATO / Geopolitics,1.15,1.346938775510204,-0.1969387755102041,,,,False,-0.3459578502763317,Small
Praise/Feedback on Posts and Columns,Quoted Conversation / Anecdotes (Name-Heavy Thread),1.15,1.0526315789473684,0.09736842105263155,,,,False,0.19747974961455894,Negligible
Harper vs Trudeau Election Talk,Russia–Ukraine / NATO / Geopolitics,1.34,1.346938775510204,-0.006938775510203943,,,,False,-0.0117222612524372,Negligible
Harper vs Trudeau Election Talk,Quoted Conversation / Anecdotes (Name-Heavy Thread),1.34,1.0526315789473684,0.2873684210526317,,,,False,0.5101667208888613,Medium
Partisan Competence / Messaging (Liberal vs Conservative),Russia–Ukraine / NATO / Geopolitics,1.125,1.346938775510204,-0.22193877551020402,,,,False,-0.4285289684307812,Small
Partisan Competence / Messaging (Liberal vs Conservative),Quoted Conversation / Anecdotes (Name-Heavy Thread),1.125,1.0526315789473684,0.07236842105263164,,,,False,0.254461573760707,Small
"Oil, Pipelines & Alberta Energy Industry",Russia–Ukraine / NATO / Geopolitics,1.0952380952380953,1.346938775510204,-0.2517006802721087,,,,False,-0.5548147958705063,Medium
"Oil, Pipelines & Alberta Energy Industry",Quoted Conversation / Anecdotes (Name-Heavy Thread),1.0952380952380953,1.0526315789473684,0.04260651629072698,,,,False,0.13208136524505984,Negligible
Personal Encouragement / Health / Small Talk,Russia–Ukraine / NATO / Geopolitics,1.391304347826087,1.346938775510204,0.044365572315882895,,,,False,0.07812780554306481,Negligible
Personal Encouragement / Health / Small Talk,Quoted Conversation / Anecdotes (Name-Heavy Thread),1.391304347826087,1.0526315789473684,0.33867276887871856,,,,False,0.7447642457828575,Medium
Harper-era Conservatism & Government,Russia–Ukraine / NATO / Geopolitics,1.1818181818181819,1.346938775510204,-0.16512059369202214,,,,False,-0.27803216841083533,Small
Harper-era Conservatism & Government,Quoted Conversation / Anecdotes (Name-Heavy Thread),1.1818181818181819,1.0526315789473684,0.12918660287081352,,,,False,0.2549204019264469,Small
Climate Change & CO2 Debate,Russia–Ukraine / NATO / Geopolitics,1.1111111111111112,1.346938775510204,-0.23582766439909286,,,,False,-0.553512034845876,Medium
Climate Change & CO2 Debate,Quoted Conversation / Anecdotes (Name-Heavy Thread),1.1111111111111112,1.0526315789473684,0.0584795321637428,,,,False,0.19395466610265533,Negligible
"Education: Teachers, Schools & Kids",Russia–Ukraine / NATO / Geopolitics,1.1910112359550562,1.346938775510204,-0.15592753955514782,,,,False,-0.2993573270035043,Small
"Education: Teachers, Schools & Kids",Quoted Conversation / Anecdotes (Name-Heavy Thread),1.1910112359550562,1.0526315789473684,0.13837965700768784,,,,False,0.30008661743542214,Small
Marijuana/Drugs/Alcohol Legalization Debate,Russia–Ukraine / NATO / Geopolitics,1.1923076923076923,1.346938775510204,-0.15463108320251173,,,,False,-0.30157518957511775,Small
Marijuana/Drugs/Alcohol Legalization Debate,Quoted Conversation / Anecdotes (Name-Heavy Thread),1.1923076923076923,1.0526315789473684,0.13967611336032393,,,,False,0.4127618081046119,Small
"Canadian Culture, Language & Immigration Identity",Russia–Ukraine / NATO / Geopolitics,1.3214285714285714,1.346938775510204,-0.025510204081632626,,,,False,-0.04793593017550141,Negligible
"Canadian Culture, Language & Immigration Identity",Quoted Conversation / Anecdotes (Name-Heavy Thread),1.3214285714285714,1.0526315789473684,0.26879699248120303,,,,False,0.683842043822688,Medium
"Citizenship, Dual Citizenship & Niqab Ceremony",Russia–Ukraine / NATO / Geopolitics,1.2608695652173914,1.346938775510204,-0.08606921029281267,,,,False,-0.1627724436277673,Negligible
"Citizenship, Dual Citizenship & Niqab Ceremony",Quoted Conversation / Anecdotes (Name-Heavy Thread),1.2608695652173914,1.0526315789473684,0.208237986270023,,,,False,0.5719535964885544,Medium
Energy Tech (Solar/Wind/Nuclear/Power),Russia–Ukraine / NATO / Geopolitics,1.2121212121212122,1.346938775510204,-0.13481756338899187,,,,False,-0.24300320835292702,Small
Energy Tech (Solar/Wind/Nuclear/Power),Quoted Conversation / Anecdotes (Name-Heavy Thread),1.2121212121212122,1.0526315789473684,0.1594896331738438,,,,False,0.35124469996246505,Small
"Animals, Food, Meat Ethics & Environment",Russia–Ukraine / NATO / Geopolitics,1.3,1.346938775510204,-0.04693877551020398,,,,False,-0.08363686711458122,Negligible
"Animals, Food, Meat Ethics & Environment",Quoted Conversation / Anecdotes (Name-Heavy Thread),1.3,1.0526315789473684,0.24736842105263168,,,,False,0.4934731444038651,Small
"Racism, Law & Policy Framing",Russia–Ukraine / NATO / Geopolitics,1.4,1.346938775510204,0.05306122448979589,,,,False,0.0973143640905428,Negligible
"Racism, Law & Policy Framing",Quoted Conversation / Anecdotes (Name-Heavy Thread),1.4,1.0526315789473684,0.34736842105263155,,,,False,0.8891358801837471,Large
"Gender, Feminism & Relationships",Russia–Ukraine / NATO / Geopolitics,1.4464285714285714,1.346938775510204,0.09948979591836737,,,,False,0.1814800295774212,Negligible
"Gender, Feminism & Relationships",Quoted Conversation / Anecdotes (Name-Heavy Thread),1.4464285714285714,1.0526315789473684,0.39379699248120303,,,,False,0.8255177618929646,Large
Toronto Politics (Rob Ford / Mayor Drama),Russia–Ukraine / NATO / Geopolitics,1.5151515151515151,1.346938775510204,0.16821273964131112,,,,False,0.26094573474788735,Small
Toronto Politics (Rob Ford / Mayor Drama),Quoted Conversation / Anecdotes (Name-Heavy Thread),1.5151515151515151,1.0526315789473684,0.4625199362041468,,,,False,0.752983834151243,Medium
Russia–Ukraine / NATO / Geopolitics,Justin Trudeau & Canadian Federal Leadership,1.346938775510204,1.103448275862069,0.24349049964813507,,,,False,0.5021254866127696,Medium
Russia–Ukraine / NATO / Geopolitics,"War, Terrorism & Security (Syria/ISIS)",1.346938775510204,1.2448979591836735,0.1020408163265305,,,,False,0.20312940284125694,Small
Russia–Ukraine / NATO / Geopolitics,Immigration Policy & Legal Process,1.346938775510204,1.1176470588235294,0.22929171668667458,,,,False,0.44598075327523823,Small
Russia–Ukraine / NATO / Geopolitics,"Consumer Prices, Markets & Groceries",1.346938775510204,1.1176470588235294,0.22929171668667458,,,,False,0.42209013683623803,Small
Russia–Ukraine / NATO / Geopolitics,Evidence vs Truth Debate (Kingwell Thread),1.346938775510204,1.04,0.306938775510204,,,,False,0.6480379381790998,Medium
Russia–Ukraine / NATO / Geopolitics,Refugees & Immigration System,1.346938775510204,1.1923076923076923,0.15463108320251173,,,,False,0.2871753116360863,Small
Russia–Ukraine / NATO / Geopolitics,Columnist/Political Culture Commentary (Coyne etc.),1.346938775510204,1.0555555555555556,0.29138321995464844,,,,False,0.5852347543863409,Medium
Russia–Ukraine / NATO / Geopolitics,Political Ideology Spectrum & Media Bias,1.346938775510204,1.3333333333333333,0.013605442176870763,,,,False,0.024049435803504784,Negligible
Russia–Ukraine / NATO / Geopolitics,Insults / Ad Hominem Flame Replies,1.346938775510204,2.066666666666667,-0.7197278911564629,,,,False,-1.1128798982586963,Large
Russia–Ukraine / NATO / Geopolitics,US Politics (Trump/Clinton/Obama),1.346938775510204,1.5666666666666667,-0.21972789115646263,,,,False,-0.32907805335648915,Small
Russia–Ukraine / NATO / Geopolitics,Quoted Conversation / Anecdotes (Name-Heavy Thread),1.346938775510204,1.0526315789473684,0.29430719656283566,,,,False,0.5989807263414443,Medium
Russia–Ukraine / NATO / Geopolitics,"Bullying, Civility & Editorial Disputes",1.346938775510204,1.4375,-0.09056122448979598,,,,False,-0.15678010790543934,Negligible
Russia–Ukraine / NATO / Geopolitics,Fascism/Nazism/Confederate Symbols,1.346938775510204,1.5625,-0.21556122448979598,,,,False,-0.3690630838043427,Small
Russia–Ukraine / NATO / Geopolitics,"Vaccines, Vaccination & Disease Risk",1.346938775510204,1.3333333333333333,0.013605442176870763,,,,False,0.024939187455542015,Negligible
Justin Trudeau & Canadian Federal Leadership,Quoted Conversation / Anecdotes (Name-Heavy Thread),1.103448275862069,1.0526315789473684,0.05081669691470059,,,,False,0.18136875489784698,Negligible
"War, Terrorism & Security (Syria/ISIS)",Quoted Conversation / Anecdotes (Name-Heavy Thread),1.2448979591836735,1.0526315789473684,0.19226638023630516,,,,False,0.4961526687558678,Small
Immigration Policy & Legal Process,Quoted Conversation / Anecdotes (Name-Heavy Thread),1.1176470588235294,1.0526315789473684,0.06501547987616108,,,,False,0.2313270003373628,Small
"Consumer Prices, Markets & Groceries",Quoted Conversation / Anecdotes (Name-Heavy Thread),1.1176470588235294,1.0526315789473684,0.06501547987616108,,,,False,0.1762108904510906,Negligible
Evidence vs Truth Debate (Kingwell Thread),Quoted Conversation / Anecdotes (Name-Heavy Thread),1.04,1.0526315789473684,-0.012631578947368327,,,,False,-0.059164858865882276,Negligible
Refugees & Immigration System,Quoted Conversation / Anecdotes (Name-Heavy Thread),1.1923076923076923,1.0526315789473684,0.13967611336032393,,,,False,0.34922844418813764,Small
Columnist/Political Culture Commentary (Coyne etc.),Quoted Conversation / Anecdotes (Name-Heavy Thread),1.0555555555555556,1.0526315789473684,0.0029239766081872176,,,,False,0.01258135378246766,Negligible
Political Ideology Spectrum & Media Bias,Quoted Conversation / Anecdotes (Name-Heavy Thread),1.3333333333333333,1.0526315789473684,0.2807017543859649,,,,False,0.6331026623630419,Medium
Insults / Ad Hominem Flame Replies,Quoted Conversation / Anecdotes (Name-Heavy Thread),2.066666666666667,1.0526315789473684,1.0140350877192985,,,,False,1.6862775833431307,Large
US Politics (Trump/Clinton/Obama),Quoted Conversation / Anecdotes (Name-Heavy Thread),1.5666666666666667,1.0526315789473684,0.5140350877192983,,,,False,0.7816465891990667,Medium
Quoted Conversation / Anecdotes (Name-Heavy Thread),"Bullying, Civility & Editorial Disputes",1.0526315789473684,1.4375,-0.38486842105263164,,,,False,-0.8520208813412506,Large
Quoted Conversation / Anecdotes (Name-Heavy Thread),Fascism/Nazism/Confederate Symbols,1.0526315789473684,1.5625,-0.5098684210526316,,,,False,-1.0047765665491148,Large
Quoted Conversation / Anecdotes (Name-Heavy Thread),"Vaccines, Vaccination & Disease Risk",1.0526315789473684,1.3333333333333333,-0.2807017543859649,,,,False,-0.7746241776907787,Medium
